place,d2m_C_mean,d2m_C_max,d2m_C_min,msl_hPa_mean,msl_hPa_max,msl_hPa_min,mucape_mean,mucape_max,mucape_min,rh_pct_mean,rh_pct_max,rh_pct_min,skt_C_mean,skt_C_max,skt_C_min,ssrd_MJ_mean,ssrd_MJ_max,ssrd_MJ_min,t2m_C_mean,t2m_C_max,t2m_C_min,tcc_mean,tcc_max,tcc_min,tcwv_mean,tcwv_max,tcwv_min,wind_gust_3h_mean,wind_gust_3h_max,wind_gust_3h_min,wind_speed_mean,wind_speed_max,wind_speed_min,cells,valid_time
Andaman and Nicobar Islands,24.11463,25.199005,22.355255,1009.5708770000001,1010.4269,1009.26685,1575.4,2985.75,657.25,89.7785392,97.76952,70.2188,25.798223999999998,27.648224,23.929474,0.0,0.0,0.0,25.98963,28.292755,24.136505,1.0,1.0,1.0,56.07421000000001,61.23671,52.95546,0.0,0.0,0.0,3.28785681,5.2392573,2.3049057,10,2026-09-24
Andhra Pradesh,22.305614513274335,25.542755,16.980255,1000.9950254867257,1008.3869,986.5069,338.60176991150445,1241.25,0.0,86.74719271238938,99.810005,52.788925,24.200076876106195,28.241974,19.741974,0.0,0.0,0.0,24.788330221238937,29.292755,19.386505,0.9982370022123894,1.0,0.9140625,59.806676814159296,78.92421,43.83046,0.0,0.0,0.0,6.215751213274337,12.315013,2.5748868,226,2026-09-24
Arunachal Pradesh,14.694939964227643,25.699005,-0.8009949,1017.4067210569106,1025.0669,1010.5469,265.8414634146341,2797.75,0.75,95.58668650406504,100.0,72.934715,15.308539036422765,26.273224,0.30447388,0.0,0.0,0.0,15.44900500406504,27.480255,-0.6759949,0.9764354674796748,1.0,0.5703125,33.85230949593496,57.64296,9.486709,0.0,0.0,0.0,0.8259496294715448,2.6147199,0.038551025,123,2026-09-24
Assam,24.588678913043477,26.824005,20.855255,1010.3872302608696,1012.7469,1008.9869,1752.932608695652,3644.75,320.5,94.04316155652174,99.63234,80.54612,25.46914791304348,27.148224,21.179474,0.0,0.0,0.0,25.640309347826086,27.324005,21.417755,0.9025815217391304,1.0,0.3046875,55.28263391304348,68.14296,33.70546,0.0,0.0,0.0,1.6026774684347826,4.3338633,0.1771509,115,2026-09-24
Bihar,23.93148606060606,24.917755,22.636505,1006.8441556060606,1008.9469,1004.90686,621.905303030303,1339.5,13.0,93.97614781060607,98.69109,90.01496,24.448650136363636,25.241974,22.804474,0.0,0.0,0.0,24.9707853030303,25.667755,22.855255,0.9981060606060606,1.0,0.8984375,66.66166265151516,69.58046,62.33046,0.0,0.0,0.0,4.864082387121212,6.1038156,2.2131252,132,2026-09-24
Chandigarh,21.449005,21.449005,21.449005,1008.1869,1008.1869,1008.1869,1903.25,1903.25,1903.25,73.614944,73.614944,73.614944,25.898224,25.898224,25.898224,0.0,0.0,0.0,26.542755,26.542755,26.542755,0.109375,0.109375,0.109375,31.48671,31.48671,31.48671,0.0,0.0,0.0,1.8143063,1.8143063,1.8143063,1,2026-09-24
Chhattisgarh,22.953965317460316,24.042755,20.824005,1000.4484703703704,1004.8669,996.14685,588.6944444444445,965.0,271.5,95.91051055555555,99.81165,86.36772,23.316544105820107,24.804474,21.210724,0.0,0.0,0.0,23.655023518518515,25.574005,21.324005,0.9868551587301587,1.0,0.765625,63.40519544973545,72.08046,53.61171,0.0,0.0,0.0,4.951420664021164,7.048799,2.2830813,189,2026-09-24
Dadra and Nagar Haveli and Daman and Diu,23.761505,23.761505,23.761505,1006.1869,1006.1869,1006.1869,2670.75,2670.75,2670.75,94.52795,94.52795,94.52795,24.241974,24.241974,24.241974,0.0,0.0,0.0,24.699005,24.699005,24.699005,0.984375,0.984375,0.984375,43.11171,43.11171,43.11171,0.0,0.0,0.0,1.6498919,1.6498919,1.6498919,1,2026-09-24
Delhi,23.438588333333332,23.605255,23.261505,1007.1468833333333,1007.1869,1007.1069,2200.5,2213.75,2183.75,83.71051166666666,85.332565,82.50636,25.564890666666667,25.773224,25.179474,0.0,0.0,0.0,26.417755,26.511505,26.261505,0.0,0.0,0.0,30.86171,31.58046,29.51796,0.0,0.0,0.0,1.1607876666666668,1.4787595,0.7630843,3,2026-09-24
Goa,23.292755,24.105255,22.574005,1007.8588820000001,1008.1869,1007.4269,744.25,853.0,546.25,99.6236098,99.81092,99.248474,23.460724,24.398224,22.616974,0.0,0.0,0.0,23.355255,24.167755,22.605255,0.9953125,1.0,0.9765625,58.88046000000001,63.79921,53.33046,0.0,0.0,0.0,1.219758474,2.067894,0.67045647,5,2026-09-24
Gujarat,23.928567737642584,26.886505,19.886505,1005.9187472623576,1007.3869,1005.0669,1629.4287072243346,5005.5,59.0,88.18321488973385,99.81391,63.384377,25.274649855513307,29.898224,22.429474,0.0,0.0,0.0,26.11262192015209,28.324005,23.105255,0.3131535171102662,1.0,0.0,33.14937634980989,46.08046,23.17421,0.0,0.0,0.0,3.072294072243346,6.426714,0.5135311,263,2026-09-24
Haryana,23.135558030303027,23.917755,19.761505,1007.2002175757575,1009.9869,1006.6669,2214.780303030303,2750.0,1495.0,85.5654540909091,93.82691,76.53539,24.922845212121214,26.241974,21.460724,0.0,0.0,0.0,25.751561818181816,26.886505,21.636505,0.02012310606060606,0.4296875,0.0,31.282164545454545,38.76796,24.36171,0.0,0.0,0.0,1.9365426365151517,3.1553702,0.09295251,66,2026-09-24
Himachal Pradesh,3.066652074,22.949005,-13.050995,1018.1849950588235,1028.5869,1008.26685,739.2029411764706,4817.0,0.0,84.98306856470587,98.65558,66.22375,4.554473986588236,28.835724,-10.320526,0.0,0.0,0.0,5.494225607411765,24.511505,-11.800995,0.3923713235294118,0.984375,0.0078125,13.120532735294118,39.48671,1.2679589,0.0,0.0,0.0,0.9507100142117647,2.527526,0.041688748,85,2026-09-24
Jammu and Kashmir,5.862438938965517,23.230255,-15.394745,1015.9836622988506,1026.9469,1006.9869,911.8879310344828,4387.5,0.0,78.3517167816092,99.80596,51.62019,7.962879143218391,24.429474,-11.570526,0.0,0.0,0.0,9.63794180183908,24.917755,-14.050995,0.7060883620689655,1.0,0.1875,18.331896222988508,47.42421,3.1742089,0.0,0.0,0.0,1.3085406901494252,5.939604,0.030506823,87,2026-09-24
Jharkhand,23.226994130434782,24.480255,21.261505,1004.6620172173914,1007.6269,1001.6269,704.4282608695652,1298.75,389.75,96.84294664347826,99.81117,92.42048,23.516158782608695,25.366974,21.335724,0.0,0.0,0.0,23.761233260869563,25.136505,21.511505,0.9938858695652174,1.0,0.8828125,64.0038295652174,69.58046,55.51796,0.0,0.0,0.0,5.313073595652173,6.942303,2.6620855,115,2026-09-24
Karnataka,20.753196468253968,23.980255,14.699005,1007.8500581746032,1011.1069,1003.8269,476.3184523809524,1502.0,0.0,88.47823909126984,99.809685,64.29013,22.50573888095238,26.991974,18.491974,0.0,0.0,0.0,22.818176626984126,26.042755,18.605255,0.9825148809523809,1.0,0.578125,46.716496706349204,67.76796,18.42421,0.0,0.0,0.0,4.281561351111112,7.496483,0.46758112,252,2026-09-24
Kerala,22.164566224489793,24.949005,14.980255,1009.4423985714286,1011.6269,1008.1869,474.6734693877551,1308.5,1.0,92.37780851020409,99.812805,74.645775,23.15077502040816,27.179474,16.804474,0.0,0.0,0.0,23.514693775510203,27.824005,17.511505,0.9961734693877551,1.0,0.96875,43.250102857142856,59.79921,23.73671,0.0,0.0,0.0,2.270245898163265,6.5552044,0.33032703,49,2026-09-24
Ladakh,-9.06029522401984,5.292755,-19.26973,1023.4362443253968,1029.3069,1012.90686,19.67956349206349,331.0,0.0,74.80766468253968,98.722336,44.188335,-7.002074296349206,10.273224,-24.883041,0.0,0.0,0.0,-5.115850995222222,14.980255,-17.70723,0.5441468253968254,1.0,0.0,4.816073848015873,15.424209,2.4242089,0.0,0.0,0.0,0.7283487945317461,3.0216565,0.07507393,252,2026-09-24
Lakshadweep,23.38177015151515,24.105255,22.792755,1008.9101193939393,1009.46686,1008.22687,946.2020202020202,1718.25,337.75,71.54537365656566,75.82158,69.48932,29.316153292929293,29.491974,29.023224,0.0,0.0,0.0,29.044964595959595,29.386505,28.667755,0.9785353535353535,1.0,0.6796875,40.197884242424244,51.23671,29.17421,0.0,0.0,0.0,7.966815838383839,8.570254,7.4242373,99,2026-09-24
Madhya Pradesh,22.517212762557076,25.167755,18.699005,1005.3475233105023,1006.9869,1001.02686,1018.6843607305937,3334.5,16.25,91.61290419634705,99.81258,72.07435,23.456300484018264,27.960724,20.304474,0.0,0.0,0.0,24.0025152739726,26.855255,20.949005,0.838363299086758,1.0,0.046875,43.11021171232877,65.20546,19.45546,0.0,0.0,0.0,3.307373710479452,6.411746,0.11458443,438,2026-09-24
Maharashtra,22.37296333333333,25.417755,19.730255,1004.9040236904763,1009.1069,998.9869,971.222619047619,2949.5,162.25,86.9897165142857,99.81243,65.92213,24.2795484047619,28.398224,20.710724,0.0,0.0,0.0,24.76887107142857,27.636505,20.761505,0.9047061011904762,1.0,0.0234375,48.27636773809524,70.29921,26.51796,0.0,0.0,0.0,3.670645426095238,6.12527,0.14111201,420,2026-09-24
Manipur,18.87743241935484,22.199005,13.042755,1013.8191461290323,1016.6669,1010.5069,198.5241935483871,805.5,0.0,94.86106874193548,99.42467,86.66111,19.658304645161287,23.398224,13.460724,0.0,0.0,0.0,19.73227112903226,23.761505,14.292755,0.6229838709677419,1.0,0.0390625,32.797193870967746,43.39296,22.79921,0.0,0.0,0.0,1.328791423548387,2.2199497,0.3450976,31,2026-09-24
Meghalaya,21.90603625,25.355255,16.417755,1011.438133125,1015.4269,1008.8269,857.3125,1930.75,57.5,96.07050146875,99.625374,82.57627,22.30056775,25.429474,16.460724,0.0,0.0,0.0,22.5827940625,25.605255,16.511505,0.94677734375,1.0,0.640625,46.2162021875,62.95546,24.89296,0.0,0.0,0.0,1.3459369853125,2.8440304,0.17401011,32,2026-09-24
Mizoram,21.29814293103448,25.355255,16.980255,1010.9165396551724,1013.3069,1008.8669,681.9827586206897,2949.75,0.0,98.39265417241378,99.61319,94.87122,21.610508482758622,25.460724,17.366974,0.0,0.0,0.0,21.562151551724135,25.480255,17.199005,0.9595905172413793,1.0,0.7421875,36.437141034482764,50.54921,25.70546,0.0,0.0,0.0,1.2971049827586207,2.3933942,0.2854978,29,2026-09-24
Nagaland,20.016505,25.449005,11.886505,1013.7516823999999,1018.14685,1010.8669,1080.27,2786.0,0.0,96.01317076,99.62465,83.14413,20.485724,25.773224,12.585724,0.0,0.0,0.0,20.682754999999997,25.792755,13.042755,0.7184375,1.0,0.109375,37.68421,55.54921,20.73671,0.0,0.0,0.0,0.7717847328,1.473304,0.09270595,25,2026-09-24
Odisha,23.653656162790696,25.792755,19.542755,997.8953486046512,1002.7469,991.9469,713.8488372093024,2074.0,35.5,96.6024735116279,100.0,86.29723,23.89444493023256,28.554474,19.523224,0.0,0.0,0.0,24.236941046511628,28.105255,19.636505,0.9973837209302325,1.0,0.890625,68.51316348837209,78.76796,54.33046,0.0,0.0,0.0,5.580140715813953,9.958412,1.3935014,215,2026-09-24
Puducherry,21.52713,23.324005,19.730255,1004.566875,1004.9869,1004.14685,170.0,340.0,0.0,75.71846599999999,90.362366,61.074566,25.616974,27.023224,24.210724,0.0,0.0,0.0,26.46463,27.917755,25.011505,1.0,1.0,1.0,40.439835,40.54921,40.33046,0.0,0.0,0.0,4.9642568,6.170795,3.7577186,2,2026-09-24
Punjab,23.990255,25.511505,20.886505,1007.4583496,1008.6269,1006.58685,3503.173333333333,4675.5,2197.25,87.03024456,94.896034,79.50343,25.566974000000002,26.554474,23.273224,0.0,0.0,0.0,26.331505,27.542755,22.824005,0.05979166666666667,0.65625,0.0,34.226710000000004,41.17421,29.26796,0.0,0.0,0.0,1.978061232,3.2553647,1.1858088,75,2026-09-24
Rajasthan,19.854814859154928,25.261505,15.355255,1005.853362917505,1008.3069,1003.70685,825.0653923541247,3597.0,0.0,69.02356902414486,98.503296,44.20246,24.91777882897384,29.429474,20.866974,0.0,0.0,0.0,26.31683699195171,30.074005,22.449005,0.15167567907444668,0.9765625,0.0,27.851649637826963,36.92421,20.17421,0.0,0.0,0.0,2.057159106418511,4.695512,0.13362813,497,2026-09-24
Sikkim,6.227414145454546,18.699005,-3.1759949,1019.71053,1024.3469,1013.22687,42.56818181818182,156.0,0.0,95.75579045454546,99.55452,81.24543,6.750496681818182,18.960724,-2.3205261,0.0,0.0,0.0,6.912073227272727,18.980255,-2.9572449,1.0,1.0,1.0,20.929891327272728,41.70546,7.9554586,0.0,0.0,0.0,0.9934124890909092,3.6075728,0.12651998,11,2026-09-24
Tamil Nadu,19.800212386363636,23.792755,11.011505,1006.486204090909,1014.22687,1002.58685,244.8068181818182,1119.0,0.0,71.26009927840909,98.657974,48.66739,24.919885931818182,29.929474,13.585724,0.0,0.0,0.0,25.550922613636363,29.980255,15.074005,0.9971147017045454,1.0,0.9765625,41.61277534090909,60.89296,17.86171,0.0,0.0,0.0,4.160518090113636,9.253143,0.20247576,176,2026-09-24
Telangana,22.872207614379086,24.261505,20.730255,1001.8655755555557,1004.8269,997.9469,598.5816993464052,1196.75,238.5,93.18450479084967,99.25161,76.73699,23.53078118954248,25.585724,21.210724,0.0,0.0,0.0,24.0646095751634,26.292755,21.480255,0.9992851307189542,1.0,0.9609375,61.20300901960785,73.61171,51.39296,0.0,0.0,0.0,5.211009860784313,7.675849,1.4050984,153,2026-09-24
Tripura,25.371921666666665,25.636505,24.386505,1008.7042180000001,1009.46686,1008.1069,2143.15,2597.5,1832.25,97.71992373333333,99.07433,95.300026,25.656557333333332,26.210724,24.648224,0.0,0.0,0.0,25.761505,26.386505,24.542755,0.9520833333333333,1.0,0.8671875,53.97629333333334,62.39296,44.36171,0.0,0.0,0.0,2.0932520466666666,2.5606081,1.616979,15,2026-09-24
Uttar Pradesh,23.547674825072885,25.074005,20.261505,1006.9707898250729,1009.1869,1004.26685,1212.6180758017492,3408.0,283.0,92.18446520699709,99.061134,80.75075,24.503726915451896,26.429474,22.241974,0.0,0.0,0.0,24.915295087463555,26.417755,22.324005,0.6242028061224489,1.0,0.0,50.83155329446064,67.86171,29.45546,0.0,0.0,0.0,3.3788330916618072,5.5989547,0.15105145,343,2026-09-24
Uttarakhand,8.9189268825,23.761505,-16.832245,1014.995384625,1026.7869,1008.22687,601.778125,1930.25,0.0,90.25364515,99.799995,65.704185,9.5665831825,24.116974,-18.226791,0.0,0.0,0.0,10.45603626,24.980255,-13.238495,0.36943359375,1.0,0.0,17.867568894999998,41.04921,0.7054589,0.0,0.0,0.0,0.914679920875,2.1853356,0.15912987,80,2026-09-24
West Bengal,24.34509875,25.449005,17.105255,1005.8745471666666,1013.90686,1002.70685,986.4083333333333,1769.75,27.5,95.251507375,99.252304,88.491844,24.78390108333333,26.398224,17.398224,0.0,0.0,0.0,25.161505,26.949005,17.449005,0.9923828125,1.0,0.8828125,68.14973083333334,72.54921,39.26796,0.0,0.0,0.0,4.383591011083333,7.823353,0.10368305,120,2026-09-24
