date,temp_avg_C,temp_min_C,temp_max_C,precip_mm,wind_speed_kmh,wpgt,pressure_hPa,station_outage_flag,possible_outlier_flag,month,day_of_year
2025-01-01,29.1,23.8,34.2,0.0,10.0,,1010.1,0,0,1,1
2025-01-02,27.0,22.8,31.3,0.0,11.7,,1010.6,0,0,1,2
2025-01-03,27.0,22.2,32.8,0.0,12.5,,1010.7,0,0,1,3
2025-01-04,26.9,22.3,32.2,0.0,10.8,,1010.4,0,0,1,4
2025-01-05,26.9,21.4,32.9,0.0,9.8,,1010.9,0,0,1,5
2025-01-06,26.9,22.2,32.3,0.0,9.8,,1010.9,0,0,1,6
2025-01-07,26.8,22.1,31.9,0.0,9.6,,1010.6,0,0,1,7
2025-01-08,27.1,23.3,31.4,0.3,8.6,,1010.0,0,0,1,8
2025-01-09,27.7,23.7,32.0,0.0,12.4,,1010.7,0,0,1,9
2025-01-10,28.0,23.6,33.5,0.0,13.2,,1011.5,0,0,1,10
2025-01-11,28.2,24.6,31.6,3.2,11.1,,1011.7,0,0,1,11
2025-01-12,28.3,24.1,32.5,1.6,9.4,,1011.4,0,0,1,12
2025-01-13,28.1,24.8,32.5,2.4,7.0,,1010.1,0,0,1,13
2025-01-14,27.4,24.7,30.9,7.9,7.4,,1011.1,0,0,1,14
2025-01-15,27.9,24.8,31.8,0.7,8.1,,1011.3,0,0,1,15
2025-01-16,28.0,24.7,32.0,0.0,11.0,,1010.9,0,0,1,16
2025-01-17,27.6,23.7,32.3,0.0,11.7,,1009.8,0,0,1,17
2025-01-18,27.5,22.7,32.3,0.0,10.6,,1009.4,0,0,1,18
2025-01-19,26.5,24.7,30.0,5.2,7.8,,1010.4,0,0,1,19
2025-01-20,27.8,24.6,31.6,0.0,8.5,,1009.4,0,0,1,20
2025-01-21,27.8,23.7,32.1,0.0,10.4,,1008.9,0,0,1,21
2025-01-22,27.7,22.7,31.7,0.0,9.5,,1009.3,0,0,1,22
2025-01-23,28.8,25.3,33.0,0.5,10.5,,1009.1,0,0,1,23
2025-01-24,28.4,23.6,32.6,0.0,9.9,,1008.5,0,0,1,24
2025-01-25,28.5,24.0,32.6,0.0,10.5,,1009.0,0,0,1,25
2025-01-26,28.6,24.9,33.0,0.0,9.9,,1008.8,0,0,1,26
2025-01-27,28.1,23.2,33.2,0.0,10.1,,1008.8,0,0,1,27
2025-01-28,27.5,22.5,31.8,0.0,10.3,,1009.8,0,0,1,28
2025-01-29,27.6,24.4,31.0,0.0,9.2,,1010.2,0,0,1,29
2025-01-30,28.1,24.5,31.4,0.1,8.5,,1009.9,0,0,1,30
2025-01-31,28.6,25.0,33.0,7.8,7.5,,1009.2,0,0,1,31
2025-02-01,27.4,23.4,31.2,2.8,9.6,,1010.4,0,0,2,32
2025-02-02,28.1,23.8,32.0,0.6,10.2,,1010.2,0,0,2,33
2025-02-03,27.6,24.7,31.0,0.0,11.2,,1011.0,0,0,2,34
2025-02-04,28.3,24.1,33.4,0.0,9.3,,1011.0,0,0,2,35
2025-02-05,27.7,24.0,33.0,0.0,9.1,,1010.0,0,0,2,36
2025-02-06,27.8,24.0,32.1,0.0,8.1,,1009.5,0,0,2,37
2025-02-07,27.9,23.7,31.2,0.0,9.9,,1010.8,0,0,2,38
2025-02-08,27.5,22.4,32.7,0.0,8.1,,1010.6,0,0,2,39
2025-02-09,28.0,24.0,34.0,0.0,8.4,,1009.9,0,0,2,40
2025-02-10,28.0,24.0,32.0,0.0,8.6,,1011.3,0,0,2,41
2025-02-11,27.7,21.5,32.0,0.0,10.3,,1011.8,0,0,2,42
2025-02-12,27.7,23.8,32.0,0.0,8.2,,1011.3,0,0,2,43
2025-02-13,27.7,24.1,31.0,0.0,8.8,,1011.5,0,0,2,44
2025-02-14,28.0,24.0,31.6,0.0,7.8,,1011.5,0,0,2,45
2025-02-15,28.2,24.5,31.7,0.0,10.4,,1010.1,0,0,2,46
2025-02-16,28.2,24.7,31.6,0.1,10.0,,1010.5,0,0,2,47
2025-02-17,28.2,24.5,32.0,0.0,9.6,,1011.8,0,0,2,48
2025-02-18,28.1,24.9,31.8,0.0,10.0,,1012.2,0,0,2,49
2025-02-19,28.0,23.8,31.8,0.0,9.0,,1010.9,0,0,2,50
2025-02-20,28.9,24.9,39.0,0.2,9.3,,1011.1,0,1,2,51
2025-02-21,28.7,25.5,32.2,0.0,10.6,,1012.0,0,0,2,52
2025-02-22,28.3,25.0,31.0,0.7,9.9,,1013.0,0,0,2,53
2025-02-23,28.5,24.4,31.4,0.1,8.4,,1012.4,0,0,2,54
2025-02-24,29.2,25.0,33.0,0.0,10.5,,1011.6,0,0,2,55
2025-02-25,28.9,24.5,32.7,1.4,8.6,,1012.5,0,0,2,56
2025-02-26,29.7,25.9,34.6,0.0,8.2,,1011.8,0,0,2,57
2025-02-27,29.8,26.0,34.6,0.0,10.5,,1010.7,0,0,2,58
2025-02-28,30.0,25.6,34.1,0.7,10.2,,1009.7,0,0,2,59
2025-03-01,30.1,26.9,33.3,2.3,10.0,,1009.1,0,0,3,60
2025-03-02,28.8,25.5,32.6,2.8,11.0,,1009.0,0,0,3,61
2025-03-03,28.8,25.1,33.1,1.3,10.8,,1009.9,0,0,3,62
2025-03-04,29.2,25.8,32.4,0.4,8.6,,1009.5,0,0,3,63
2025-03-05,29.2,26.3,32.6,0.5,10.8,,1010.0,0,0,3,64
2025-03-06,29.0,25.0,32.4,0.1,8.9,,1010.8,0,0,3,65
2025-03-07,29.2,25.7,32.2,4.5,10.0,,1009.7,0,0,3,66
2025-03-08,28.3,25.0,33.6,0.4,9.6,,1009.0,0,0,3,67
2025-03-09,29.1,25.3,32.5,1.1,9.9,,1008.3,0,0,3,68
2025-03-10,29.3,24.9,34.0,0.2,7.9,,1009.3,0,0,3,69
2025-03-11,30.0,26.1,33.7,0.0,8.2,,1009.2,0,0,3,70
2025-03-12,28.2,25.2,32.0,15.0,10.0,,1009.9,0,0,3,71
2025-03-13,28.2,24.6,32.2,0.0,9.3,,1009.6,0,0,3,72
2025-03-14,28.7,25.0,32.0,0.0,10.7,,1010.2,0,0,3,73
2025-03-15,,,,,,,,1,0,3,74
2025-03-16,,,,,,,,1,0,3,75
2025-03-17,,,,,,,,1,0,3,76
2025-03-18,,,,,,,,1,0,3,77
2025-03-19,,,,,,,,1,0,3,78
2025-03-20,29.2,,,,6.9,,,0,0,3,79
2025-03-21,,,,,,,,1,0,3,80
2025-03-22,27.8,24.0,33.0,6.2,10.2,,1012.4,0,0,3,81
2025-03-23,27.8,24.8,32.2,7.0,8.0,,1012.2,0,0,3,82
2025-03-24,29.2,25.6,33.0,0.8,9.2,,1011.0,0,0,3,83
2025-03-25,29.0,25.6,33.0,1.4,9.4,,1009.2,0,0,3,84
2025-03-26,28.4,24.7,32.8,8.4,7.6,,1008.5,0,0,3,85
2025-03-27,28.6,24.6,33.0,0.0,8.2,,1008.5,0,0,3,86
2025-03-28,29.6,25.3,33.0,1.6,9.0,,1007.6,0,0,3,87
2025-03-29,28.8,24.3,32.6,1.1,10.1,,1007.6,0,0,3,88
2025-03-30,29.5,26.4,33.0,2.0,9.1,,1008.3,0,0,3,89
2025-03-31,29.6,25.9,34.2,1.3,9.8,,1008.5,0,0,3,90
2025-04-01,28.9,24.6,33.3,4.2,10.3,,1007.9,0,0,4,91
2025-04-02,27.9,25.2,33.0,12.6,9.9,,1009.0,0,0,4,92
2025-04-03,28.0,24.8,33.0,1.1,8.5,,1010.8,0,0,4,93
2025-04-04,27.8,24.8,33.2,5.6,8.1,,1011.2,0,0,4,94
2025-04-05,27.3,24.3,31.2,5.0,7.4,,1010.6,0,0,4,95
2025-04-06,27.4,24.8,32.8,8.7,8.5,,1009.7,0,0,4,96
2025-04-07,28.5,25.4,32.4,0.6,6.6,,1008.9,0,0,4,97
2025-04-08,28.3,25.0,33.4,2.5,9.7,,1010.1,0,0,4,98
2025-04-09,27.7,23.2,32.4,14.8,9.4,,1010.0,0,0,4,99
2025-04-10,27.9,24.2,33.0,1.6,8.0,,1009.2,0,0,4,100
2025-04-11,28.6,24.9,33.0,4.5,7.9,,1008.5,0,0,4,101
2025-04-12,27.3,24.6,32.0,3.4,7.5,,1009.7,0,0,4,102
2025-04-13,28.0,24.0,31.0,8.4,7.1,,1009.2,0,0,4,103
2025-04-14,27.9,24.6,32.6,20.3,10.0,,1008.9,0,0,4,104
2025-04-15,28.1,23.4,32.8,0.5,8.2,,1008.9,0,0,4,105
2025-04-16,28.8,25.4,33.0,1.8,7.9,,1009.4,0,0,4,106
2025-04-17,29.0,25.5,32.4,3.0,8.3,,1008.7,0,0,4,107
2025-04-18,28.4,24.4,32.2,3.6,7.5,,1008.7,0,0,4,108
2025-04-19,28.4,25.0,32.0,1.5,7.9,,1008.5,0,0,4,109
2025-04-20,29.3,24.8,32.7,2.6,9.3,,1008.4,0,0,4,110
2025-04-21,28.8,25.9,32.3,1.5,9.2,,1009.5,0,0,4,111
2025-04-22,28.1,25.2,32.4,8.5,7.8,,1010.6,0,0,4,112
2025-04-23,28.2,24.8,32.6,4.9,9.1,,1009.8,0,0,4,113
2025-04-24,28.3,25.0,32.0,2.9,7.7,,1008.7,0,0,4,114
2025-04-25,28.7,24.2,32.4,4.2,8.4,,1008.5,0,0,4,115
2025-04-26,28.6,25.4,33.0,3.3,8.7,,1008.2,0,0,4,116
2025-04-27,28.0,24.1,32.4,6.4,8.0,,1008.9,0,0,4,117
2025-04-28,27.9,23.8,33.0,6.2,8.5,,1007.9,0,0,4,118
2025-04-29,27.9,25.2,32.8,5.5,9.3,,1007.4,0,0,4,119
2025-04-30,28.6,25.2,33.2,3.9,7.8,,1008.7,0,0,4,120
2025-05-01,28.6,25.8,31.2,1.6,8.7,,1009.5,0,0,5,121
2025-05-02,28.3,26.0,33.0,5.6,8.8,,1009.5,0,0,5,122
2025-05-03,27.7,25.0,30.8,6.7,9.6,,1009.5,0,0,5,123
2025-05-04,28.7,24.3,32.6,2.2,10.9,,1008.3,0,0,5,124
2025-05-05,28.1,24.0,31.2,8.2,10.3,,1008.0,0,0,5,125
2025-05-06,28.4,24.9,32.4,3.5,9.0,,1008.6,0,0,5,126
2025-05-07,28.7,24.8,32.8,1.8,10.1,,1008.1,0,0,5,127
2025-05-08,28.9,25.4,33.2,0.5,10.4,,1008.7,0,0,5,128
2025-05-09,29.3,25.8,33.0,0.0,11.9,,1009.0,0,0,5,129
2025-05-10,29.4,25.7,33.0,0.0,10.8,,1009.4,0,0,5,130
2025-05-11,29.4,26.0,32.7,1.3,10.9,,1008.8,0,0,5,131
2025-05-12,28.4,24.7,32.6,12.8,9.1,,1007.8,0,0,5,132
2025-05-13,28.1,24.6,32.0,15.0,9.7,,1007.4,0,0,5,133
2025-05-14,27.7,25.2,32.0,15.4,9.3,,1008.0,0,0,5,134
2025-05-15,28.3,25.3,32.8,4.3,8.9,,1008.1,0,0,5,135
2025-05-16,28.4,25.4,32.8,1.6,8.9,,1008.1,0,0,5,136
2025-05-17,27.1,25.1,30.6,13.5,10.2,,1008.2,0,0,5,137
2025-05-18,26.9,24.5,32.0,7.5,11.6,,1006.9,0,0,5,138
2025-05-19,27.5,24.3,31.2,44.3,8.4,,1005.6,0,0,5,139
2025-05-20,27.2,23.4,30.2,28.7,17.6,,1006.0,0,0,5,140
2025-05-21,27.4,24.9,32.0,2.9,10.4,,1007.6,0,0,5,141
2025-05-22,28.0,25.5,32.0,4.5,17.2,,1007.5,0,0,5,142
2025-05-23,26.8,25.2,29.8,32.4,16.8,,1006.2,0,0,5,143
2025-05-24,25.6,23.9,27.3,52.7,21.2,,1006.8,0,0,5,144
2025-05-25,26.3,24.8,29.0,102.3,23.5,,1008.0,0,0,5,145
2025-05-26,26.5,25.0,29.0,72.8,27.4,,1008.0,0,0,5,146
2025-05-27,27.1,24.2,30.2,29.9,24.8,,1007.3,0,0,5,147
2025-05-28,27.5,25.5,31.0,26.7,25.5,,1006.7,0,0,5,148
2025-05-29,26.1,25.0,28.2,60.6,28.6,,1006.8,0,0,5,149
2025-05-30,25.4,24.0,26.4,55.9,26.8,,1007.9,0,0,5,150
2025-05-31,25.7,23.8,27.6,17.4,16.3,,1010.0,0,0,5,151
2025-06-01,27.1,24.5,31.2,6.3,12.8,,1010.5,0,0,6,152
2025-06-02,27.0,23.8,31.8,6.6,8.6,,1010.1,0,0,6,153
2025-06-03,26.6,24.0,31.2,8.7,9.5,,1010.1,0,0,6,154
2025-06-04,25.8,23.4,28.4,14.6,9.0,,1010.5,0,0,6,155
2025-06-05,27.9,24.7,31.4,0.5,8.8,,1009.9,0,0,6,156
2025-06-06,28.1,24.2,32.0,0.7,11.1,,1010.2,0,0,6,157
2025-06-07,27.6,24.7,31.0,1.9,13.3,,1010.9,0,0,6,158
2025-06-08,27.3,24.5,31.0,7.7,15.2,,1010.3,0,0,6,159
2025-06-09,26.9,23.4,30.0,4.9,12.8,,1009.0,0,0,6,160
2025-06-10,26.7,24.6,30.4,27.8,14.6,,1006.9,0,0,6,161
2025-06-11,25.3,23.4,27.2,39.1,14.2,,1006.5,0,0,6,162
2025-06-12,25.9,24.1,30.0,29.2,15.0,,1005.9,0,0,6,163
2025-06-13,25.8,24.5,28.2,32.3,17.0,1006.5,,0,0,6,164
2025-06-14,25.3,24.0,27.6,65.7,18.0,1008.0,,0,0,6,165
2025-06-15,25.2,24.2,27.6,64.0,22.5,1008.4,,0,0,6,166
2025-06-16,25.9,24.4,29.2,59.7,18.3,,1008.7,0,0,6,167
2025-06-17,25.4,23.7,29.2,35.2,12.6,,1010.0,0,0,6,168
2025-06-18,25.8,23.7,28.8,5.0,8.2,,1009.9,0,0,6,169
2025-06-19,26.0,24.1,28.2,8.9,8.7,,1009.8,0,0,6,170
2025-06-20,26.2,24.2,28.4,3.6,7.9,,1010.5,0,0,6,171
2025-06-21,26.2,24.3,28.2,3.2,10.5,,1010.6,0,0,6,172
2025-06-22,25.5,23.8,28.8,7.1,13.7,,1010.7,0,0,6,173
2025-06-23,26.2,23.5,30.2,3.3,11.0,,1009.6,0,0,6,174
2025-06-24,25.9,23.9,29.2,16.3,11.8,,1008.7,0,0,6,175
2025-06-25,26.4,23.7,30.4,15.3,11.4,,1008.3,0,0,6,176
2025-06-26,24.8,23.9,27.0,22.1,9.2,,1009.0,0,0,6,177
2025-06-27,25.8,23.5,28.4,5.9,9.5,,1009.6,0,0,6,178
2025-06-28,25.4,24.1,27.8,14.3,11.3,,1010.1,0,0,6,179
2025-06-29,25.9,23.4,30.0,9.6,8.6,,1009.4,0,0,6,180
2025-06-30,26.5,24.8,30.0,2.4,11.4,,1008.8,0,0,6,181
2025-07-01,26.0,24.0,30.0,4.4,11.4,,1009.3,0,0,7,182
2025-07-02,25.0,23.8,28.4,15.5,14.7,,1009.5,0,0,7,183
2025-07-03,26.0,23.6,29.0,5.4,9.9,,1009.6,0,0,7,184
2025-07-04,26.0,23.6,30.0,2.4,10.1,,1010.8,0,0,7,185
2025-07-05,26.4,23.0,30.6,3.3,10.0,,1010.6,0,0,7,186
2025-07-06,26.2,23.7,30.2,6.7,11.4,,1010.0,0,0,7,187
2025-07-07,26.3,23.5,31.0,3.9,9.4,,1009.9,0,0,7,188
2025-07-08,26.6,23.9,31.0,4.1,12.2,,1010.0,0,0,7,189
2025-07-09,27.0,24.2,30.6,2.8,13.6,,1010.0,0,0,7,190
2025-07-10,26.8,24.0,30.0,3.7,15.7,,1008.9,0,0,7,191
2025-07-11,26.8,24.5,31.0,8.6,12.9,,1008.9,0,0,7,192
2025-07-12,25.8,23.4,29.2,23.0,16.7,,1009.8,0,0,7,193
2025-07-13,25.8,24.3,27.8,12.4,19.9,,1010.2,0,0,7,194
2025-07-14,25.7,24.0,29.0,13.8,13.8,,1010.4,0,0,7,195
2025-07-15,25.3,24.1,28.0,7.3,16.4,,1009.3,0,0,7,196
2025-07-16,24.5,23.7,26.1,44.5,15.5,,1008.6,0,0,7,197
2025-07-17,24.9,23.6,26.9,16.9,18.1,,1008.7,0,0,7,198
2025-07-18,25.3,23.7,28.2,37.1,19.9,,1008.6,0,0,7,199
2025-07-19,24.5,23.4,25.3,41.6,22.5,,1007.5,0,0,7,200
2025-07-20,24.5,23.7,27.0,39.8,17.5,,1007.1,0,0,7,201
2025-07-21,24.7,23.6,26.8,36.5,14.1,,1007.9,0,0,7,202
2025-07-22,25.2,23.4,28.2,15.6,13.0,1008.8,,0,0,7,203
2025-07-23,25.1,23.6,28.8,25.6,14.8,,1008.4,0,0,7,204
2025-07-24,24.6,23.0,26.5,19.7,17.8,,1008.2,0,0,7,205
2025-07-25,25.0,23.0,29.0,23.3,16.2,,1008.6,0,0,7,206
2025-07-26,24.5,23.2,25.9,32.5,22.5,,1010.1,0,0,7,207
2025-07-27,25.1,22.9,29.0,3.7,10.4,,1010.4,0,0,7,208
2025-07-28,26.2,23.2,29.6,1.5,15.0,,1010.0,0,0,7,209
2025-07-29,27.1,24.3,31.0,2.0,16.2,,1010.4,0,0,7,210
2025-07-30,26.3,24.5,29.2,3.5,14.2,,1010.1,0,0,7,211
2025-07-31,25.9,23.4,29.0,1.5,13.8,,1009.6,0,0,7,212
2025-08-01,26.2,23.5,30.0,20.2,15.9,,1009.1,0,0,8,213
2025-08-02,25.1,23.8,26.7,22.9,17.5,,1009.2,0,0,8,214
2025-08-03,25.3,23.0,28.0,22.9,15.5,,1009.6,0,0,8,215
2025-08-04,25.7,23.4,29.0,12.3,13.3,,1009.0,0,0,8,216
2025-08-05,25.0,23.8,27.1,61.0,13.3,,1009.0,0,0,8,217
2025-08-06,25.8,23.5,28.2,1.7,19.3,,1009.0,0,0,8,218
2025-08-07,26.5,24.4,29.0,1.7,11.0,,1008.6,0,0,8,219
2025-08-08,26.4,24.6,29.0,4.6,7.3,,1009.1,0,0,8,220
2025-08-09,25.8,24.0,28.8,4.5,8.0,,1011.0,0,0,8,221
2025-08-10,25.8,23.6,29.0,8.7,6.4,,1010.7,0,0,8,222
2025-08-11,25.7,23.0,29.0,14.6,7.1,,1010.8,0,0,8,223
2025-08-12,25.5,23.3,29.0,6.8,12.8,,1010.0,0,0,8,224
2025-08-13,24.8,23.7,26.8,15.4,16.7,,1009.1,0,0,8,225
2025-08-14,25.2,23.2,30.0,9.5,12.5,,1009.2,0,0,8,226
2025-08-15,25.3,23.0,29.8,12.3,13.2,,1008.9,0,0,8,227
2025-08-16,24.5,22.8,27.1,16.4,16.8,,1007.7,0,0,8,228
2025-08-17,24.8,23.4,26.7,10.3,14.4,,1007.8,0,0,8,229
2025-08-18,25.9,22.8,29.6,2.1,9.5,,1009.8,0,0,8,230
2025-08-19,26.4,23.3,29.6,2.0,12.1,,1010.1,0,0,8,231
2025-08-20,26.5,24.2,30.0,1.6,10.1,,1010.2,0,0,8,232
2025-08-21,26.2,23.4,29.6,0.1,12.1,,1010.8,0,0,8,233
2025-08-22,26.6,24.1,29.6,6.5,14.9,,1010.6,0,0,8,234
2025-08-23,26.8,25.0,29.4,1.1,11.5,,1010.4,0,0,8,235
2025-08-24,26.6,24.3,30.4,1.0,12.5,,1011.1,0,0,8,236
2025-08-25,26.7,24.4,30.0,0.0,16.0,,1009.9,0,0,8,237
2025-08-26,26.2,24.1,29.0,8.8,12.5,,1010.5,0,0,8,238
2025-08-27,24.7,23.6,26.7,28.9,16.3,,1010.3,0,0,8,239
2025-08-28,24.7,23.7,26.5,47.4,21.0,1009.9,,0,0,8,240
2025-08-29,25.3,23.9,28.0,26.8,18.1,1009.8,,0,0,8,241
2025-08-30,25.1,23.2,27.3,10.9,17.3,,1011.6,0,0,8,242
2025-08-31,25.2,23.5,27.0,11.3,19.9,1010.9,,0,0,8,243
2025-09-01,25.8,24.2,29.0,12.6,22.7,1009.0,,0,0,9,244
2025-09-02,26.3,24.2,30.0,1.4,18.9,1008.9,,0,0,9,245
2025-09-03,25.8,23.7,29.0,4.9,16.2,1009.0,,0,0,9,246
2025-09-04,25.2,22.9,28.0,3.4,14.2,1009.7,,0,0,9,247
2025-09-05,25.5,23.5,27.7,5.8,14.6,1010.4,,0,0,9,248
2025-09-06,26.4,24.1,30.0,0.9,11.2,1010.5,,0,0,9,249
2025-09-07,26.2,24.6,28.2,2.0,16.4,1010.3,,0,0,9,250
2025-09-08,26.9,24.6,29.0,1.4,15.3,1009.3,,0,0,9,251
2025-09-09,26.6,24.3,29.0,0.8,13.8,1009.3,,0,0,9,252
2025-09-10,26.3,23.7,28.9,4.2,10.6,1009.9,,0,0,9,253
2025-09-11,26.8,24.9,30.0,1.3,13.8,1009.7,,0,0,9,254
2025-09-12,26.9,24.8,30.0,0.9,18.5,1009.4,,0,0,9,255
2025-09-13,26.7,24.7,29.0,1.7,16.1,1009.8,,0,0,9,256
2025-09-14,26.3,23.9,28.7,1.9,10.3,1010.4,,0,0,9,257
2025-09-15,26.3,24.1,30.0,7.3,12.2,1010.1,,0,0,9,258
2025-09-16,25.7,23.7,29.0,9.2,12.1,1009.9,,0,0,9,259
2025-09-17,25.5,23.9,28.3,28.7,12.4,1010.0,,0,0,9,260
2025-09-18,25.3,24.0,28.0,10.3,13.2,1010.2,,0,0,9,261
2025-09-19,26.1,24.1,29.0,3.0,10.4,1010.6,,0,0,9,262
2025-09-20,26.3,24.3,28.7,2.6,11.9,1010.2,,0,0,9,263
2025-09-21,26.1,24.2,28.3,2.4,12.5,1009.8,,0,0,9,264
2025-09-22,26.0,23.6,28.2,2.0,11.6,1010.8,,0,0,9,265
2025-09-23,25.4,23.8,27.4,10.3,13.2,1011.8,,0,0,9,266
2025-09-24,26.0,23.6,30.0,10.6,13.5,1010.4,,0,0,9,267
2025-09-25,25.2,23.3,28.0,26.6,12.1,1009.1,,0,0,9,268
2025-09-26,25.1,23.5,29.0,9.9,15.7,1009.8,,0,0,9,269
2025-09-27,25.1,23.5,27.0,12.3,19.0,1010.8,,0,0,9,270
2025-09-28,25.4,23.4,30.0,12.2,14.8,1010.4,,0,0,9,271
2025-09-29,26.4,23.2,31.0,10.7,16.7,1009.8,,0,0,9,272
2025-09-30,26.8,24.5,30.0,1.8,14.5,1008.7,,0,0,9,273
2025-10-01,26.4,24.1,28.5,2.6,14.7,1008.7,,0,0,10,274
2025-10-02,26.2,24.2,28.5,1.0,10.6,1010.0,,0,0,10,275
2025-10-03,27.1,24.5,31.0,0.9,11.4,1011.3,,0,0,10,276
2025-10-04,26.4,24.0,29.2,11.9,10.3,1012.1,,0,0,10,277
2025-10-05,26.2,23.8,28.4,4.0,11.3,1012.0,,0,0,10,278
2025-10-06,27.3,24.7,31.0,0.1,14.9,1011.6,,0,0,10,279
2025-10-07,26.7,24.3,29.3,0.3,19.3,1011.8,,0,0,10,280
2025-10-08,26.7,24.4,30.0,0.0,10.3,1011.2,,0,0,10,281
2025-10-09,26.5,24.3,30.0,1.6,7.7,1011.3,,0,0,10,282
2025-10-10,26.1,24.3,29.1,2.9,9.9,1010.5,,0,0,10,283
2025-10-11,26.4,23.2,29.4,0.0,10.0,1009.4,,0,0,10,284
2025-10-12,26.8,24.6,30.2,0.9,9.9,1008.7,,0,0,10,285
2025-10-13,26.2,23.9,29.1,0.2,9.0,1008.8,,0,0,10,286
2025-10-14,26.2,23.8,30.0,16.2,10.1,1007.1,,0,0,10,287
2025-10-15,26.0,23.4,30.0,6.7,9.1,1006.4,,0,0,10,288
2025-10-16,26.0,24.2,28.6,6.3,11.4,1006.4,,0,0,10,289
2025-10-17,25.8,23.8,29.5,10.6,11.5,1007.8,,0,0,10,290
2025-10-18,25.6,23.9,28.6,17.7,13.6,1008.1,,0,0,10,291
2025-10-19,25.6,23.0,29.3,12.3,14.6,1007.6,,0,0,10,292
2025-10-20,25.5,23.3,29.5,15.6,13.1,1007.0,,0,0,10,293
2025-10-21,25.1,24.0,27.2,10.0,12.0,1007.2,,0,0,10,294
2025-10-22,25.2,23.4,27.7,15.7,16.5,1008.0,,0,0,10,295
2025-10-23,25.3,23.5,30.0,16.9,19.5,1009.1,,0,0,10,296
2025-10-24,25.4,23.4,30.0,10.4,14.9,1010.1,,0,0,10,297
2025-10-25,25.6,23.7,28.3,1.9,11.8,1009.9,,0,0,10,298
2025-10-26,26.8,23.7,29.9,0.2,12.9,1009.5,,0,0,10,299
2025-10-27,24.9,23.4,26.7,19.4,13.4,1010.5,,0,0,10,300
2025-10-28,25.6,23.7,28.2,11.6,17.9,1009.6,,0,0,10,301
2025-10-29,25.6,23.4,29.1,12.5,13.2,1010.0,,0,0,10,302
2025-10-30,26.5,23.5,29.7,0.2,8.4,1011.0,,0,0,10,303
2025-10-31,26.5,22.7,29.7,0.0,8.9,1012.1,,0,0,10,304
2025-11-01,26.4,22.9,29.5,0.0,11.4,1012.3,,0,0,11,305
2025-11-02,26.4,23.5,29.8,0.0,13.6,1013.2,,0,0,11,306
2025-11-03,26.3,22.5,29.0,0.9,17.2,1012.7,,0,0,11,307
2025-11-04,26.9,24.2,30.0,0.8,19.9,1012.2,,0,0,11,308
2025-11-05,26.0,23.6,28.2,4.8,18.5,1010.9,,0,0,11,309
2025-11-06,26.7,23.8,30.0,0.0,16.8,1011.0,,0,0,11,310
2025-11-07,26.6,23.7,29.6,0.0,15.7,1011.5,,0,0,11,311
2025-11-08,26.4,24.1,29.9,2.9,13.9,1012.3,,0,0,11,312
2025-11-09,25.5,23.3,28.8,8.1,9.8,1011.5,,0,0,11,313
2025-11-10,25.9,23.5,29.8,1.7,10.0,1011.3,,0,0,11,314
2025-11-11,25.7,23.2,28.6,0.4,9.8,1011.8,,0,0,11,315
2025-11-12,26.2,23.6,29.8,9.8,11.0,1011.7,,0,0,11,316
2025-11-13,26.0,23.5,29.2,4.6,8.6,1012.3,,0,0,11,317
2025-11-14,25.7,23.2,29.1,5.4,10.8,1011.8,,0,0,11,318
2025-11-15,25.9,23.2,28.8,1.1,8.1,1012.3,,0,0,11,319
2025-11-16,26.2,23.6,29.6,1.1,9.5,1012.5,,0,0,11,320
2025-11-17,25.7,23.3,28.8,5.0,6.6,1011.8,,0,0,11,321
2025-11-18,25.5,23.8,28.5,17.8,10.9,1010.6,,0,0,11,322
2025-11-19,25.6,23.2,28.8,2.2,10.7,1011.0,,0,0,11,323
2025-11-20,26.2,23.2,28.8,1.0,9.3,1011.6,,0,0,11,324
2025-11-21,26.1,24.2,29.3,12.6,11.1,1012.2,,0,0,11,325
2025-11-22,26.4,23.9,30.2,6.3,9.4,1011.7,,0,0,11,326
2025-11-23,25.6,24.1,29.5,26.9,8.2,1011.6,,0,0,11,327
2025-11-24,25.8,23.8,29.3,4.4,8.6,1011.4,,0,0,11,328
2025-11-25,26.7,23.9,29.6,0.0,8.1,1011.0,,0,0,11,329
2025-11-26,26.5,24.0,29.3,0.7,7.7,1011.0,,0,0,11,330
2025-11-27,26.1,23.0,29.7,0.1,9.0,1011.0,,0,0,11,331
2025-11-28,25.6,22.2,29.0,0.0,14.5,1010.1,,0,0,11,332
2025-11-29,25.1,22.3,29.0,0.1,7.3,1009.3,,0,0,11,333
2025-11-30,25.8,22.1,31.0,0.0,8.8,1009.7,,0,0,11,334
2025-12-01,26.4,22.9,29.3,0.4,7.7,1009.9,,0,0,12,335
2025-12-02,26.3,24.2,28.7,4.2,8.5,1010.1,,0,0,12,336
2025-12-03,25.5,23.3,29.4,14.3,8.1,1010.8,,0,0,12,337
2025-12-04,25.9,23.4,30.0,2.2,9.0,1011.2,,0,0,12,338
2025-12-05,26.0,23.6,29.8,4.4,8.6,1011.8,,0,0,12,339
2025-12-06,26.5,23.9,29.6,1.8,9.2,1012.2,,0,0,12,340
2025-12-07,26.3,23.1,29.6,6.2,9.9,1012.4,,0,0,12,341
2025-12-08,26.5,23.5,29.8,0.0,9.0,1011.9,,0,0,12,342
2025-12-09,26.1,22.5,29.8,0.4,10.0,1011.2,,0,0,12,343
2025-12-10,26.6,23.6,30.1,0.9,10.3,1011.4,,0,0,12,344
2025-12-11,26.8,22.9,31.5,0.0,10.4,1010.7,,0,0,12,345
2025-12-12,26.2,22.0,29.9,0.0,9.4,1010.8,,0,0,12,346
2025-12-13,26.5,22.1,31.0,0.0,10.2,1010.7,,0,0,12,347
2025-12-14,26.5,22.4,31.3,0.0,11.0,1011.3,,0,0,12,348
2025-12-15,26.1,21.6,31.3,0.0,9.3,1011.0,,0,0,12,349
2025-12-16,26.1,20.7,30.3,0.0,11.3,1010.2,,0,0,12,350
2025-12-17,27.6,24.1,33.0,0.8,10.6,1010.9,,0,0,12,351
2025-12-18,27.3,23.3,32.5,0.0,10.7,1011.0,,0,0,12,352
2025-12-19,25.7,20.9,31.7,0.0,12.2,1010.5,,0,0,12,353
2025-12-20,25.6,20.1,30.9,0.0,11.4,1009.9,,0,0,12,354
2025-12-21,25.8,19.8,31.7,0.0,12.2,1010.3,,0,0,12,355
2025-12-22,25.5,20.9,30.4,0.0,9.4,1010.4,,0,0,12,356
2025-12-23,25.8,20.8,30.7,0.0,13.4,1010.1,,0,0,12,357
2025-12-24,25.9,21.3,31.3,0.0,11.1,1010.2,,0,0,12,358
2025-12-25,26.0,22.2,29.9,0.5,10.4,1011.1,,0,0,12,359
2025-12-26,26.3,21.5,31.5,0.0,11.5,1010.7,,0,0,12,360
2025-12-27,27.0,22.9,31.6,0.0,11.9,1010.5,,0,0,12,361
2025-12-28,27.1,23.6,32.0,0.1,10.9,1011.4,,0,0,12,362
2025-12-29,26.9,22.8,31.4,0.0,10.2,1010.9,,0,0,12,363
2025-12-30,27.1,23.6,31.4,0.0,11.7,1011.3,,0,0,12,364
2025-12-31,26.3,23.2,29.4,2.6,12.3,1010.6,,0,0,12,365
