target,source,rmse,mae
tp_mm,Climatology,1.1027991745733658,0.6725839376449585
tp_mm,Persistence,1.0547067145963835,0.2434559166431427
tp_mm,BLENDED,1.025920419857947,0.4746766538827945
t2m_C_mean,Climatology,7.233487233342687,5.815948963165283
t2m_C_mean,Persistence,1.2684853808681182,0.8686111569404602
t2m_C_mean,BLENDED,1.5750405006760262,1.1029760042832912
wind_speed_mean,Climatology,0.9301097135534716,0.6944877505302429
wind_speed_mean,Persistence,0.644558830827079,0.41620540618896484
wind_speed_mean,BLENDED,0.676696843023113,0.44960568515779353
