cell,latitude,longitude,target_date,lead_days,pred_tp_mm,nwp_weight_tp_mm,lgbm_tp_mm,static_tp_mm,w_climatology_tp_mm,exp_climatology_tp_mm,w_persistence_tp_mm,exp_persistence_tp_mm,w_recent3_tp_mm,exp_recent3_tp_mm,w_anom_persistence_tp_mm,exp_anom_persistence_tp_mm,spread_tp_mm,q05_tp_mm,q10_tp_mm,q25_tp_mm,q50_tp_mm,q75_tp_mm,q90_tp_mm,q95_tp_mm,lo80_tp_mm,hi80_tp_mm,prob_heavy_rain_day_flag,regime,pred_t2m_C_mean,nwp_weight_t2m_C_mean,lgbm_t2m_C_mean,static_t2m_C_mean,w_climatology_t2m_C_mean,exp_climatology_t2m_C_mean,w_persistence_t2m_C_mean,exp_persistence_t2m_C_mean,w_recent3_t2m_C_mean,exp_recent3_t2m_C_mean,w_anom_persistence_t2m_C_mean,exp_anom_persistence_t2m_C_mean,spread_t2m_C_mean,q05_t2m_C_mean,q10_t2m_C_mean,q25_t2m_C_mean,q50_t2m_C_mean,q75_t2m_C_mean,q90_t2m_C_mean,q95_t2m_C_mean,lo80_t2m_C_mean,hi80_t2m_C_mean,prob_heatwave_day_flag,pred_wind_speed_mean,nwp_weight_wind_speed_mean,lgbm_wind_speed_mean,static_wind_speed_mean,w_climatology_wind_speed_mean,exp_climatology_wind_speed_mean,w_persistence_wind_speed_mean,exp_persistence_wind_speed_mean,w_recent3_wind_speed_mean,exp_recent3_wind_speed_mean,w_anom_persistence_wind_speed_mean,exp_anom_persistence_wind_speed_mean,spread_wind_speed_mean,q05_wind_speed_mean,q10_wind_speed_mean,q25_wind_speed_mean,q50_wind_speed_mean,q75_wind_speed_mean,q90_wind_speed_mean,q95_wind_speed_mean,lo80_wind_speed_mean,hi80_wind_speed_mean,prob_high_wind_day_flag
7000,22.25,92.25,2025-12-29,1,0.029567378,0.0,0.4162062665194034,0.039687198,0.2882719,0.10256767,0.34434506,0.0,0.20968474,0.0,0.15769826,0.0,0.044413105,0.0,0.0,0.0,0.0,0.009685622938486182,0.054676162850606155,0.520164672330717,0.0,0.054676162850606155,6.190110679178944e-06,dry_spell,18.126102,0.0,18.79091643514199,18.206324,0.04502296,23.45793,0.8438852,17.87236,0.046043422,18.216536,0.065048374,17.663567,2.4071932,16.966901058495832,17.31754121671124,17.451173086219928,18.49411471284252,18.676960754391473,19.157885840857677,19.489509014356003,17.33466802226592,19.140759035303,0.0,1.414776,0.0,1.3828900571019558,1.407593,0.19727348,1.293072,0.58600116,1.4519731,0.05698364,1.2857618,0.1597417,1.474642,0.08735219,1.072990454867879,1.1375012636472968,1.2036116711893892,1.363288583866376,1.4778443233399292,1.7091192195917442,1.823417877263685,1.1935956952533833,1.6530247879856577,0.0
7001,22.25,92.5,2025-12-29,1,0.044283938,0.0,0.4162062665194034,0.06586857,0.26014048,0.17023087,0.36843628,0.0,0.2130959,0.0,0.15832733,0.0,0.073712125,0.0,0.0,0.0,1.1367621817917076e-05,0.07301126710649256,0.4934127896689379,1.4769176390752823,0.0,0.4934127896689379,6.190110679178944e-06,dry_spell,17.726871,0.0,18.356748519007155,17.834408,0.039415088,22.85107,0.847956,17.520798,0.03987436,17.798729,0.07275457,17.31324,2.3043647,16.56274194311346,16.85157830959147,17.17634968977737,18.17968443763047,18.700747401919944,19.187139160049234,19.235313431427876,16.86870511514615,19.170012354494556,0.0,1.163094,0.0,1.1420011837677293,1.151758,0.19806917,0.97414327,0.5797288,1.2132896,0.059288148,1.122231,0.16291386,1.2290692,0.10126181,0.8676617481115646,0.9628184476598423,0.9987533719302311,1.1042939205753197,1.2370332315182746,1.4571680739226531,1.6065454370184638,1.0189128792659288,1.4010736423165666,0.0
12000,11.5,84.5,2025-12-29,1,1.4003044,0.0,4.148036136059645,3.0613453,0.119045235,6.883335,0.50086635,0.05722046,0.27458796,1.8796921,0.10550042,0.3419466,2.7407708,0.0,0.13795079141592292,0.5897324802530534,1.546341699157635,3.1457710380740393,5.7625383267671335,14.551668835267554,0.13795079141592292,5.7625383267671335,0.012080141426045963,normal,26.455355,0.0,26.429780665790094,26.450733,0.11348631,27.024824,0.6896238,26.45195,0.16151577,26.082582,0.035374053,26.396849,0.33990705,25.578439593879494,25.811599656781496,26.141051635747985,26.48949939129608,26.639585935943316,26.961411100059994,27.056897059453288,25.828726462336174,26.944284294505316,0.0,6.7449,0.0,5.8220264718943415,6.716631,0.21302664,5.910207,0.72219765,6.9721103,0.0027334832,7.194068,0.062042262,6.9462633,0.49753717,5.0088207386184305,5.302325012377338,5.815244182606916,6.668884649985051,7.169819567992158,7.458449712579639,7.741056977045159,5.358419443983425,7.402355280973552,0.0016184139543247618
7000,22.25,92.25,2025-12-30,2,0.037397332,0.0,0.4271280242879474,0.047016677,0.44991845,0.08312025,0.1638201,0.0,0.28558165,0.0,0.1006798,0.0,0.035992123,0.0,0.0,0.0,0.0,0.009685622938486182,0.06618334305019234,0.7145945576033266,0.0,0.06618334305019234,6.190110679178944e-06,dry_spell,18.619923,0.0,18.851536436363414,18.635462,0.1320874,23.226566,0.66132617,17.87236,0.1673662,18.216536,0.03922013,17.432203,2.348802,17.183813204447308,17.224665095014803,17.745112732030737,19.4382222848302,19.850561921356555,19.95158031916428,20.177022647901342,17.24179190056948,19.9344535136096,0.0,1.3838147,0.0,1.3828900571019558,1.3723269,0.39905035,1.3116084,0.3937447,1.4519731,0.09972083,1.2857618,0.10748415,1.4931785,0.08862974,1.0619903149649756,1.1099340411530743,1.1984578502213588,1.327290519840826,1.4749493478123146,1.687237742539903,1.779477422034221,1.1660284727591608,1.6311433109338165,0.0
7001,22.25,92.5,2025-12-30,2,0.0645767,0.0,0.4271280242879474,0.08985977,0.40649542,0.15886207,0.18262851,0.0,0.30695692,0.0,0.10391913,0.0,0.068789296,0.0,0.0,1.1367621817917076e-05,0.00011390550500219731,0.07171067265862244,0.5460315039846627,2.1193560935691744,0.0,0.5460315039846627,6.190110679178944e-06,dry_spell,18.117273,0.0,18.385328202564587,18.237713,0.11299373,22.617756,0.69619805,17.520798,0.1456229,17.798729,0.045185257,17.079926,2.245243,16.70143924531481,16.816466545745996,17.253767693587708,17.99772346357216,18.46454368619622,19.02576676827289,19.067582546174005,16.833593351300674,19.008639962718213,0.0,1.1172278,0.0,1.1420011837677293,1.0960933,0.39678815,0.98813295,0.39152205,1.2132896,0.10779057,1.122231,0.103899166,1.2430589,0.09919751,0.8326613064608894,0.9362540468046232,0.9855541125937703,1.0809708749604459,1.2460344606034264,1.4571680739226531,1.6065454370184638,0.9923484784107098,1.4010736423165666,0.0
12000,11.5,84.5,2025-12-30,2,2.953019,0.0,5.801015213952583,4.5528245,0.29395851,7.2328167,0.22422694,0.05722046,0.40470856,1.8796921,0.077105924,0.6914282,2.829206,0.0,0.1386602922857062,0.6046181511052321,1.4007657623144112,4.3948414426056015,8.507550736541173,23.11034274491929,0.1386602922857062,8.507550736541173,0.01720704214132079,normal,26.347132,0.0,26.420389144489967,26.454895,0.17148954,26.96328,0.3017214,26.45195,0.5185855,26.082582,0.008203567,26.335304,0.3206776,25.413253712679754,25.546862514071584,25.934799533919566,26.48380116156342,26.699885682810937,27.01224824451954,27.116197589649914,25.563989319626263,26.995121438964862,0.0,6.459023,0.0,5.681386176675713,6.5339985,0.5579225,6.04785,0.42721483,6.9721103,0.008328157,7.194068,0.0065344824,7.0839067,0.45520493,4.409475848551043,4.709695053251554,5.206979377415631,6.265760909472625,7.052486164296794,7.612547776142791,7.900686429021081,4.765789484857641,7.556453344536704,0.0022967972438433073
7000,22.25,92.25,2025-12-31,3,0.04011919,0.0,0.4364972042056549,0.043291602,0.5393336,0.0743866,0.13767475,0.0,0.19980152,0.0,0.12319006,0.0,0.032210343,0.0,0.0,0.0,0.0005287601608581044,0.009685622938486182,0.06618334305019234,0.7145945576033266,0.0,0.06618334305019234,6.190110679178944e-06,dry_spell,19.00281,0.0,18.865055411186265,18.98639,0.20730495,22.966843,0.47075397,17.87236,0.28701255,18.216536,0.034928508,17.17248,2.2884514,16.71053290226276,17.689212605808212,17.816318247862736,19.53644996780998,19.585012046299646,20.038571755034845,20.244326664551703,17.70633941136289,20.021444949480166,0.0,1.3529419,0.0,1.3828900571019558,1.357029,0.5618922,1.3177829,0.18503463,1.4519731,0.16677387,1.2857618,0.08629929,1.4993529,0.08926513,1.043832735355454,1.107903086918589,1.1933205099027788,1.327290519840826,1.4728105009349854,1.6665490257750637,1.7721782601728446,1.1639975185246756,1.6104545941689772,0.0
7001,22.25,92.5,2025-12-31,3,0.07089218,0.0,0.4364972042056549,0.08306808,0.49667597,0.14273326,0.15390319,0.0,0.22009273,0.0,0.12932807,0.0,0.06180531,0.0,0.0,1.1367621817917076e-05,0.00011316679546704057,0.07171067265862244,0.5460315039846627,2.1193560935691744,0.0,0.5460315039846627,6.190110679178944e-06,dry_spell,18.409248,0.0,18.38306072850356,18.56551,0.17481624,22.370163,0.52839565,17.520798,0.25355187,17.798729,0.043236185,16.832333,2.1875653,16.67335960829611,16.796235068483973,17.376624964466426,18.029608913286207,18.669000136076786,19.20551334750456,19.462301549529418,16.81336187403865,19.188386541949882,0.0,1.0801457,0.0,1.1558470485350345,1.06527,0.5442795,0.9936241,0.1937771,1.2132896,0.18065876,1.122231,0.08128466,1.2485502,0.098511264,0.82082290989943,0.8921145398833501,0.9716634002504487,1.0629895001541008,1.2302892785746216,1.4401442745884578,1.584970500346094,0.9482089714894367,1.3840498429823713,0.0
12000,11.5,84.5,2025-12-31,3,3.9026248,0.0,6.081930992503559,4.876364,0.4225807,7.6298714,0.1801249,0.05722046,0.29781473,1.8796921,0.09947968,1.0884829,2.939072,0.0,0.14000268002147895,0.46334238913669723,1.3590341493303084,4.588708591036361,10.767702576474623,27.072655771965042,0.14000268002147895,10.767702576474623,0.017285531370038413,normal,26.286062,0.0,26.416884736769987,26.431503,0.1786176,26.913946,0.14651023,26.45195,0.6706039,26.082582,0.0042682635,26.28597,0.30662555,25.407733289982737,25.431880201663876,25.877066250976917,26.42855000170004,26.653955681779994,27.008870991633305,27.08228522004762,25.449007007218555,26.991744186078627,0.0,6.39819,0.0,5.756733279409828,6.5660644,0.8604556,6.3012185,0.12541488,6.9721103,0.012613331,7.194068,0.0015161306,7.337275,0.3971624,4.061592923965257,4.6878234107285675,5.071187738739989,6.238967616124318,7.064259674310023,7.709398138583483,8.04196422098204,4.743917842334654,7.653303706977396,0.0022967972438433073
