target,season,spearman_spread_vs_abs_err,Q1_spread,Q1_rmse,Q1_width80,Q1_cov80,Q2_spread,Q2_rmse,Q2_width80,Q2_cov80,Q3_spread,Q3_rmse,Q3_width80,Q3_cov80,Q4_spread,Q4_rmse,Q4_width80,Q4_cov80,Q5_spread,Q5_rmse,Q5_width80,Q5_cov80,rmse_ratio_top_vs_bottom_quintile
tp_mm,winter,0.8966096856923139,0.00013424323697108775,0.7242292165756226,0.08892681449651718,0.9736041280762107,0.010243011638522148,1.1244838237762451,0.1534341722726822,0.914987926300817,0.0685197189450264,1.4240050315856934,0.5880019664764404,0.8259460174649378,0.29354745149612427,3.0518102645874023,2.06955885887146,0.7963348880288446,1.9798173904418945,7.003973007202148,6.713579177856445,0.7631979359618947,9.670934
tp_mm,pre_monsoon,0.7895225368805459,0.02413303032517433,1.5776439905166626,0.40476250648498535,0.9294566463791126,0.20921862125396729,2.3924360275268555,2.127434253692627,0.8723179041612455,0.5263869762420654,3.5327093601226807,4.196872711181641,0.8508170331003153,1.1124485731124878,4.856201648712158,6.319446563720703,0.8174520916488411,3.4615867137908936,8.258091926574707,12.12233829498291,0.7946326188586046,5.2344456
tp_mm,monsoon,0.4710415961023709,0.4994414746761322,6.479705333709717,7.2147440910339355,0.8038833024609685,1.422827124595642,9.436844825744629,12.852543830871582,0.8051701040305641,2.525921583175659,11.584060668945312,16.968610763549805,0.7981244728180871,4.0645904541015625,13.47297477722168,19.861286163330078,0.7914427004945173,10.316690444946289,17.204519271850586,26.887401580810547,0.7725716553925541,2.6551392
tp_mm,post_monsoon,0.7743910141293201,0.04146629199385643,1.0120340585708618,1.1400399208068848,0.9126753109288172,0.3741305470466614,2.9711060523986816,3.5728073120117188,0.8102851346285311,1.1432462930679321,5.043401718139648,7.000255584716797,0.7490682955873597,2.414348602294922,6.211741924285889,10.269502639770508,0.7447901735506207,6.357524871826172,11.22950267791748,15.187119483947754,0.756791920261092,11.095973
tp_mm,ALL,0.7883508040091004,0.02605421468615532,1.3348233699798584,0.5073442459106445,0.9170792215667898,0.3156620264053345,3.523890733718872,3.362037420272827,0.8291847906984436,1.0052669048309326,6.308319091796875,7.626619338989258,0.7914824411489056,2.2833669185638428,9.01443099975586,12.850257873535156,0.783448830965494,6.954303741455078,14.170522689819336,20.76930046081543,0.7744528364297921,10.616029
t2m_C_mean,winter,0.45190989108685947,0.09606779366731644,0.591145932674408,1.5041065216064453,0.7978301137867161,0.2083345353603363,0.760888934135437,2.002964735031128,0.8335814230425722,0.35887688398361206,1.0401118993759155,2.745574951171875,0.8375893093410955,0.6286638975143433,1.5697453022003174,3.7919363975524902,0.8348053322748172,1.4414749145507812,2.6152048110961914,5.540626049041748,0.7636279439005028,4.423958
t2m_C_mean,pre_monsoon,0.45354753431165046,0.1275852769613266,0.6861231923103333,1.6881558895111084,0.8654405927494047,0.2803410589694977,0.9943642020225525,2.176419496536255,0.825192405230776,0.5064679384231567,1.5039424896240234,3.2016143798828125,0.7813085760910313,0.8859958648681641,1.841099500656128,3.919727087020874,0.7438639821818422,1.8030484914779663,2.6335904598236084,4.550657749176025,0.6884316838669842,3.838364
t2m_C_mean,monsoon,0.3931791070205307,0.10575045645236969,0.6547243595123291,1.7008706331253052,0.8913237629002382,0.22161787748336792,0.8128204941749573,2.0074219703674316,0.8563915121644642,0.35333552956581116,1.044561505317688,2.4839041233062744,0.8435902948910904,0.5741473436355591,1.41087007522583,3.294076919555664,0.8080478970610125,1.1748652458190918,1.8429505825042725,3.8946077823638916,0.7602335312505168,2.8148496
t2m_C_mean,post_monsoon,0.3896636221348645,0.12774957716464996,0.6234624981880188,1.4886983633041382,0.8059451353973714,0.2714984118938446,0.8224818110466003,1.7275515794754028,0.7687388360861799,0.4628206789493561,1.233199954032898,2.2464451789855957,0.7280966767371602,0.8196722865104675,1.6220815181732178,2.862922191619873,0.6992744834277902,1.843157410621643,1.9775243997573853,4.094974517822266,0.7380920878539297,3.1718419
t2m_C_mean,ALL,0.42313671245672424,0.1133134588599205,0.6408976316452026,1.6238614320755005,0.8505595677821269,0.24303990602493286,0.8419592976570129,1.9791076183319092,0.8270512544862147,0.40931862592697144,1.183048963546753,2.630697727203369,0.8035393351342411,0.7100777626037598,1.622161865234375,3.4541001319885254,0.7660662994999696,1.5718131065368652,2.2474610805511475,4.3593525886535645,0.728314681073929,3.5067396
wind_speed_mean,winter,0.35885911291235884,0.0670836865901947,0.523207426071167,1.3091514110565186,0.8882971685631119,0.15376341342926025,0.746467113494873,1.7169629335403442,0.8584565512222553,0.25533294677734375,0.9301972985267639,2.163698434829712,0.8360346652553585,0.40253791213035583,1.0649853944778442,2.6675024032592773,0.8177036816512852,0.7526111006736755,1.1324493885040283,3.114377975463867,0.8369939137337921,2.1644368
wind_speed_mean,pre_monsoon,0.34498265203154255,0.08353926241397858,0.5540207624435425,2.05057692527771,0.9628649554555879,0.19324904680252075,0.7472333908081055,2.5502166748046875,0.9388493174851699,0.3205215036869049,0.9082040190696716,2.982182264328003,0.9176571768804993,0.5015526413917542,1.0233526229858398,3.3677070140838623,0.9092552980351511,0.9138807654380798,1.1649104356765747,3.7348074913024902,0.8973493869630413,2.1026475
wind_speed_mean,monsoon,0.4501164439402397,0.08425722271203995,0.5735534429550171,1.4126023054122925,0.9011974067213548,0.220934197306633,0.9584168195724487,2.158189296722412,0.833931495294643,0.3986347019672394,1.2244901657104492,2.6345102787017822,0.7795676694838165,0.6668990850448608,1.4520621299743652,2.9505813121795654,0.7248730628648926,1.3532501459121704,1.829423189163208,3.1394548416137695,0.6236375965466484,3.1896298
wind_speed_mean,post_monsoon,0.5342261953027962,0.07155762612819672,0.46344465017318726,0.9344886541366577,0.7929346387933316,0.18159395456314087,0.7315640449523926,1.407893180847168,0.7710543145081262,0.33821120858192444,1.06842041015625,2.0051517486572266,0.7259355635433435,0.6215891242027283,1.478546142578125,2.7414002418518066,0.6655126028182681,1.321153163909912,1.9307408332824707,2.9833884239196777,0.5651186380876775,4.1660657
wind_speed_mean,ALL,0.44562775390827386,0.07712320238351822,0.5310145020484924,1.4076741933822632,0.884232868405094,0.1894211620092392,0.8025027513504028,1.9874385595321655,0.8531994773663232,0.33270660042762756,1.040571928024292,2.527095317840576,0.8214124262638514,0.5568764209747314,1.2594729661941528,2.989811897277832,0.7890665916896835,1.160464882850647,1.6731464862823486,3.204488515853882,0.6827057720932797,3.1508489
