lead_days,model,n_state_days,n_states,rmse,mae
1,climatology,1224,36,9.0887904096811,5.951143790849673
1,persistence,1224,36,8.859680002040824,4.6551470588235295
1,recent3,1224,36,8.895101025763173,5.017837690631809
1,anom_persistence,1224,36,9.05990412449812,4.875
1,blend_learned_adaptive_mean_w,1224,36,7.878951956653681,4.646623092509952
1,blend_learned_static_w,1224,36,7.922918313510952,4.842386047288467
2,climatology,1188,36,9.097808408903644,5.939225589225589
2,persistence,1188,36,10.810631613937083,5.941329966329966
2,recent3,1188,36,10.02792626059427,5.7791526374859705
2,anom_persistence,1188,36,10.970993282410376,6.193434343434344
2,blend_learned_adaptive_mean_w,1188,36,8.841277118507943,5.4602211784354
2,blend_learned_static_w,1188,36,8.799317973649607,5.552419963878748
3,climatology,1152,36,9.145180785376647,5.95720486111111
3,persistence,1152,36,11.453273504039505,6.3610243055555555
3,recent3,1152,36,10.463425608421124,6.040046296296297
3,anom_persistence,1152,36,11.744141195956201,6.672482638888888
3,blend_learned_adaptive_mean_w,1152,36,9.106429898703903,5.707370697602164
3,blend_learned_static_w,1152,36,9.087971225492709,5.735546801352864
