variable,model,n,rmse_vs_station,rmse_vs_era5
t2m_C_mean,anom_persistence,77.0,0.8232244874932529,0.5206920009629888
t2m_C_mean,climatology,77.0,0.8111226189653139,0.4412146285347485
t2m_C_mean,gating_adaptive,77.0,0.7948724770406924,0.41867602341216203
t2m_C_mean,lgbm_season,77.0,0.9166517328001561,0.5071825480230928
t2m_C_mean,persistence,77.0,0.8143962081980703,0.511211444214745
t2m_C_mean,recent3,77.0,0.8506691111400245,0.5041681642025612
tp_mm,anom_persistence,76.0,15.498274731269719,16.44852096282447
tp_mm,climatology,76.0,11.517696941978324,17.69510019461889
tp_mm,gating_adaptive,76.0,10.667949114371297,16.727680516088974
tp_mm,lgbm_season,76.0,11.03641150495595,17.331906109651275
tp_mm,persistence,76.0,15.603788112360201,16.556372323784487
tp_mm,recent3,76.0,14.169591595289043,15.864299968738344
wind_speed_mean,anom_persistence,77.0,0.9468760014257684,1.0030607748392681
wind_speed_mean,climatology,77.0,0.9267828406843738,0.9987878751192029
wind_speed_mean,gating_adaptive,77.0,0.7986889558663899,0.9214835009955396
wind_speed_mean,lgbm_season,77.0,0.6992797012372817,0.8381185900847692
wind_speed_mean,persistence,77.0,0.9438948077246948,1.0086991340191196
wind_speed_mean,recent3,77.0,0.8241007968062853,0.9234593736197318
