flag,season,lead,model,n,n_pos,pos_days,base_rate,trusted,auc,avg_precision,brier,brier_skill_vs_climo,precision@0.2,recall@0.2,precision@0.5,recall@0.5
heavy_rain_day_flag,winter,all,calibrated,151158,24,5,0.00015877426269201762,False,0.8577928637279941,0.0006905917059038273,0.00016222359904597469,-0.021887032051378652,,0.0,,0.0
heavy_rain_day_flag,winter,all,uncalibrated,151158,24,5,0.00015877426269201762,False,0.8559516444567955,0.0007420978769113863,0.0001595461430924397,-0.00502106721089457,,0.0,,0.0
heavy_rain_day_flag,winter,all,persistence_flag,151158,24,5,0.00015877426269201762,False,0.49993052522926673,0.00015877426269201762,0.00029770174254753305,-0.8752977490174283,0.0,0.0,0.0,0.0
heavy_rain_day_flag,winter,1,calibrated,50386,8,5,0.00015877426269201762,False,0.9306182758346898,0.0013333330587625473,0.00016200728004704088,-0.020524384562993436,,0.0,,0.0
heavy_rain_day_flag,winter,1,uncalibrated,50386,8,5,0.00015877426269201762,False,0.9318204374925563,0.0014407223714980443,0.00015946241394778558,-0.004493636383136046,,0.0,,0.0
heavy_rain_day_flag,winter,1,persistence_flag,50386,8,5,0.00015877426269201762,False,0.49995037516376195,0.00015877426269201762,0.00025800817687452864,-0.6252580491484379,0.0,0.0,0.0,0.0
heavy_rain_day_flag,winter,2,calibrated,50386,8,5,0.00015877426269201762,False,0.8279209178609709,0.0006147254707335692,0.00016220868269486635,-0.021793070224290778,,0.0,,0.0
heavy_rain_day_flag,winter,2,uncalibrated,50386,8,5,0.00015877426269201762,False,0.8237536722378815,0.0006738444042118823,0.0001595671472505681,-0.00515337765732049,,0.0,,0.0
heavy_rain_day_flag,winter,2,persistence_flag,50386,8,5,0.00015877426269201762,False,0.49995037516376195,0.00015877426269201762,0.00025800817687452864,-0.6252580491484379,0.0,0.0,0.0,0.0
heavy_rain_day_flag,winter,3,calibrated,50386,8,5,0.00015877426269201762,False,0.8136947179324308,0.0005916752271970602,0.00016245483439601693,-0.023343641366852186,,0.0,,0.0
heavy_rain_day_flag,winter,3,uncalibrated,50386,8,5,0.00015877426269201762,False,0.811563331216007,0.0006395858371340263,0.00015960886807896542,-0.005416187592227617,,0.0,,0.0
heavy_rain_day_flag,winter,3,persistence_flag,50386,8,5,0.00015877426269201762,False,0.4998908253602763,0.00015877426269201762,0.0003770888738935419,-1.3753771487554092,0.0,0.0,0.0,0.0
heavy_rain_day_flag,pre_monsoon,all,calibrated,226737,132,13,0.000582172296537398,True,0.8852324796920018,0.007568942112450433,0.00060636772316077,-0.04216731522946149,,0.0,,0.0
heavy_rain_day_flag,pre_monsoon,all,uncalibrated,226737,132,13,0.000582172296537398,True,0.8833531415298145,0.007732136673442764,0.0006360292679714447,-0.0931467643989603,0.0,0.0,0.0,0.0
heavy_rain_day_flag,pre_monsoon,all,persistence_flag,226737,132,13,0.000582172296537398,True,0.5225860578379279,0.004451813815525958,0.0008379752753189819,-0.4402324027994249,0.08571428571428572,0.045454545454545456,0.08571428571428572,0.045454545454545456
heavy_rain_day_flag,pre_monsoon,1,calibrated,75579,44,13,0.000582172296537398,False,0.9015375172256087,0.01064260986306443,0.0006072497116769328,-0.04368319341499771,,0.0,,0.0
heavy_rain_day_flag,pre_monsoon,1,uncalibrated,75579,44,13,0.000582172296537398,False,0.9035236524910186,0.010467335862541484,0.0006402290921406558,-0.10036502373513878,0.0,0.0,,0.0
heavy_rain_day_flag,pre_monsoon,1,persistence_flag,75579,44,13,0.000582172296537398,False,0.5452427231205281,0.010630257643316826,0.0009526455761521057,-0.6373168368667146,0.1111111111111111,0.09090909090909091,0.1111111111111111,0.09090909090909091
heavy_rain_day_flag,pre_monsoon,2,calibrated,75579,44,13,0.000582172296537398,False,0.8792105706565889,0.007109212420483738,0.0006094545966863803,-0.047472740587310325,,0.0,,0.0
heavy_rain_day_flag,pre_monsoon,2,uncalibrated,75579,44,13,0.000582172296537398,False,0.874146692983987,0.007254120788936243,0.0006529718188178884,-0.12226601341956722,0.0,0.0,0.0,0.0
heavy_rain_day_flag,pre_monsoon,2,persistence_flag,75579,44,13,0.000582172296537398,False,0.5112444863007516,0.0017651133567835576,0.0008071025020177562,-0.3871712090120776,0.05263157894736842,0.022727272727272728,0.05263157894736842,0.022727272727272728
heavy_rain_day_flag,pre_monsoon,3,calibrated,75579,44,13,0.000582172296537398,False,0.8738801097624821,0.006727670703160451,0.0006023988611189968,-0.03534601168607643,,0.0,,0.0
heavy_rain_day_flag,pre_monsoon,3,uncalibrated,75579,44,13,0.000582172296537398,False,0.8712768614188485,0.006819085510625133,0.0006148868929557897,-0.05680925604217468,0.0,0.0,,0.0
heavy_rain_day_flag,pre_monsoon,3,persistence_flag,75579,44,13,0.000582172296537398,False,0.5112709640925037,0.002084092623131245,0.0007541777477870837,-0.2962091625194825,0.06666666666666667,0.022727272727272728,0.06666666666666667,0.022727272727272728
heavy_rain_day_flag,monsoon,all,calibrated,302316,2664,28,0.008811971579406977,True,0.8100645647850406,0.03217282186269965,0.008636872646022182,0.01115691685829967,,0.0,,0.0
heavy_rain_day_flag,monsoon,all,uncalibrated,302316,2664,28,0.008811971579406977,True,0.8108449733121853,0.03400896764040697,0.008633016242436667,0.011598439868725996,0.0,0.0,,0.0
heavy_rain_day_flag,monsoon,all,persistence_flag,302316,2664,28,0.008811971579406977,True,0.5245196214395486,0.011414424816715608,0.01736262718480001,-0.9878623317162025,0.0535405872193437,0.05818318318318318,0.0535405872193437,0.05818318318318318
heavy_rain_day_flag,monsoon,1,calibrated,100772,888,28,0.008811971579406977,True,0.8640863717227298,0.05332190952992583,0.008501543529380364,0.026650865469498686,,0.0,,0.0
heavy_rain_day_flag,monsoon,1,uncalibrated,100772,888,28,0.008811971579406977,True,0.8646490627325897,0.057788881042008175,0.008491972449314494,0.027746666775043005,0.0,0.0,,0.0
heavy_rain_day_flag,monsoon,1,persistence_flag,100772,888,28,0.008811971579406977,True,0.5419062238322581,0.016105397029226094,0.016452982971460327,-0.8837163722530752,0.08779443254817987,0.09234234234234234,0.08779443254817987,0.09234234234234234
heavy_rain_day_flag,monsoon,2,calibrated,100772,888,28,0.008811971579406977,True,0.7920044627894485,0.025555123269238318,0.008682629752330544,0.005918145843372025,,0.0,,0.0
heavy_rain_day_flag,monsoon,2,uncalibrated,100772,888,28,0.008811971579406977,True,0.7930847249025086,0.02609964188492156,0.00868634704591415,0.005492549658409285,0.0,0.0,,0.0
heavy_rain_day_flag,monsoon,2,persistence_flag,100772,888,28,0.008811971579406977,True,0.5212204716029153,0.010784530113293708,0.01763386655023221,-1.0189167632652079,0.046890927624872576,0.0518018018018018,0.046890927624872576,0.0518018018018018
heavy_rain_day_flag,monsoon,3,calibrated,100772,888,28,0.008811971579406977,True,0.7705656805137202,0.02157173059291214,0.008726444656355642,0.0009017392620280784,,0.0,,0.0
heavy_rain_day_flag,monsoon,3,uncalibrated,100772,888,28,0.008811971579406977,True,0.7711533159997128,0.021702167381764264,0.008720729232081358,0.001556103172725365,0.0,0.0,,0.0
heavy_rain_day_flag,monsoon,3,persistence_flag,100772,888,28,0.008811971579406977,True,0.5104321688834724,0.009381739955957,0.018001032032707497,-1.0609538596303243,0.027551020408163266,0.030405405405405407,0.027551020408163266,0.030405405405405407
heavy_rain_day_flag,post_monsoon,all,calibrated,226737,528,13,0.002328689186149592,True,0.9323304963216505,0.09856016414406626,0.00221709976780461,0.04569713802395592,,0.0,,0.0
heavy_rain_day_flag,post_monsoon,all,uncalibrated,226737,528,13,0.002328689186149592,True,0.9328389343483239,0.11276166355080114,0.002175560123473031,0.06357698359822439,0.22916666666666666,0.020833333333333332,,0.0
heavy_rain_day_flag,post_monsoon,all,persistence_flag,226737,528,13,0.002328689186149592,True,0.5583306733837051,0.013371685814609426,0.004701482334158078,-1.0236518501192986,0.09487951807228916,0.11931818181818182,0.09487951807228916,0.11931818181818182
heavy_rain_day_flag,post_monsoon,1,calibrated,75579,176,13,0.002328689186149592,True,0.9610725037465353,0.13894179984808552,0.002168444392005269,0.06663979701029843,,0.0,,0.0
heavy_rain_day_flag,post_monsoon,1,uncalibrated,75579,176,13,0.002328689186149592,True,0.9617446119819202,0.15872091466708121,0.0020993576999272824,0.09637667621252044,0.2558139534883721,0.0625,,0.0
heavy_rain_day_flag,post_monsoon,1,persistence_flag,75579,176,13,0.002328689186149592,True,0.6382894625002863,0.07463247567701344,0.0035062649677820557,-0.5091962672090451,0.2620320855614973,0.2784090909090909,0.2620320855614973,0.2784090909090909
heavy_rain_day_flag,post_monsoon,2,calibrated,75579,176,13,0.002328689186149592,True,0.9243715661783412,0.08858985848475122,0.0022262589295626253,0.04175477403749872,,0.0,,0.0
heavy_rain_day_flag,post_monsoon,2,uncalibrated,75579,176,13,0.002328689186149592,True,0.924437612802963,0.0918682791074159,0.0022060308824524226,0.050461501416107946,0.0,0.0,,0.0
heavy_rain_day_flag,post_monsoon,2,persistence_flag,75579,176,13,0.002328689186149592,True,0.5270298354418018,0.004802715916085838,0.004948464520567883,-1.1299600148535203,0.045871559633027525,0.056818181818181816,0.045871559633027525,0.056818181818181816
heavy_rain_day_flag,post_monsoon,3,calibrated,75579,176,13,0.002328689186149592,True,0.9077649656452058,0.07663448409097348,0.0022565959818459363,0.028696843024070384,,0.0,,0.0
heavy_rain_day_flag,post_monsoon,3,uncalibrated,75579,176,13,0.002328689186149592,True,0.9084671396001847,0.08899988783579443,0.002221291788039388,0.04389277316604456,,0.0,,0.0
heavy_rain_day_flag,post_monsoon,3,persistence_flag,75579,176,13,0.002328689186149592,True,0.509672722209027,0.0026267647829192704,0.005649717514124294,-1.4317992682953293,0.015444015444015444,0.022727272727272728,0.015444015444015444,0.022727272727272728
heavy_rain_day_flag,ALL,all,calibrated,906948,3348,59,0.0036915016075894096,True,0.9041707443424232,0.036876128372839725,0.0036118616879230684,0.017948610514334495,,0.0,,0.0
heavy_rain_day_flag,ALL,all,uncalibrated,906948,3348,59,0.0036915016075894096,True,0.9046731501248425,0.04027049650580916,0.0036071604525220818,0.019226858453139983,0.0728476821192053,0.0032855436081242534,0.0,0.0
heavy_rain_day_flag,ALL,all,persistence_flag,906948,3348,59,0.0036915016075894096,True,0.5315570573143508,0.007550507866540564,0.0072220237543938574,-0.9636406583939037,0.06136986301369863,0.06690561529271206,0.06136986301369863,0.06690561529271206
heavy_rain_day_flag,ALL,1,calibrated,302316,1116,59,0.0036915016075894096,True,0.9325340275695307,0.05936554396520746,0.0035547725823885123,0.033470920131606574,,0.0,,0.0
heavy_rain_day_flag,ALL,1,uncalibrated,302316,1116,59,0.0036915016075894096,True,0.9329046165993136,0.06655423507188368,0.0035421312501131143,0.03690805006587694,0.13095238095238096,0.00985663082437276,,0.0
heavy_rain_day_flag,ALL,1,persistence_flag,302316,1116,59,0.0036915016075894096,True,0.5587790236901856,0.017298860492296786,0.006642056655949404,-0.8059498207885305,0.11617900172117039,0.12096774193548387,0.11617900172117039,0.12096774193548387
heavy_rain_day_flag,ALL,2,calibrated,302316,1116,59,0.0036915016075894096,True,0.8955821680422872,0.029730998464199687,0.00363017307945491,0.01296981313751644,,0.0,,0.0
heavy_rain_day_flag,ALL,2,uncalibrated,302316,1116,59,0.0036915016075894096,True,0.8961394565108741,0.03104263333280192,0.0036367942151640568,0.011169551642209896,0.0,0.0,0.0,0.0
heavy_rain_day_flag,ALL,2,persistence_flag,302316,1116,59,0.0036915016075894096,True,0.5236020434391466,0.005883407148222889,0.0073598486352029,-1.0011147167601995,0.04660670482420278,0.051075268817204304,0.04660670482420278,0.051075268817204304
heavy_rain_day_flag,ALL,3,calibrated,302316,1116,59,0.0036915016075894096,True,0.8820567818332405,0.024365186204066202,0.003650639401925784,0.007405098273880251,,0.0,,0.0
heavy_rain_day_flag,ALL,3,uncalibrated,302316,1116,59,0.0036915016075894096,True,0.8826198015584019,0.025728921440319172,0.0036425558922890742,0.009602973651333224,0.0,0.0,,0.0
heavy_rain_day_flag,ALL,3,persistence_flag,302316,1116,59,0.0036915016075894096,True,0.5122901048137201,0.004310998126016868,0.0076641659720292675,-1.0838574376329806,0.025296442687747035,0.02867383512544803,0.025296442687747035,0.02867383512544803
heatwave_day_flag,winter,all,calibrated,151158,0,0,0.0,False,,,2.8579515987353724e-07,,,,,
heatwave_day_flag,winter,all,uncalibrated,151158,0,0,0.0,False,,,4.8946513738503637e-08,,,,,
heatwave_day_flag,winter,all,persistence_flag,151158,0,0,0.0,False,,,0.0,,,,,
heatwave_day_flag,winter,1,calibrated,50386,0,0,0.0,False,,,1.9212373672829275e-07,,,,,
heatwave_day_flag,winter,1,uncalibrated,50386,0,0,0.0,False,,,4.7452181793402515e-08,,,,,
heatwave_day_flag,winter,1,persistence_flag,50386,0,0,0.0,False,,,0.0,,,,,
heatwave_day_flag,winter,2,calibrated,50386,0,0,0.0,False,,,2.419472497421228e-07,,,,,
heatwave_day_flag,winter,2,uncalibrated,50386,0,0,0.0,False,,,4.867161962496704e-08,,,,,
heatwave_day_flag,winter,2,persistence_flag,50386,0,0,0.0,False,,,0.0,,,,,
heatwave_day_flag,winter,3,calibrated,50386,0,0,0.0,False,,,4.233144931501962e-07,,,,,
heatwave_day_flag,winter,3,uncalibrated,50386,0,0,0.0,False,,,5.0715739797141385e-08,,,,,
heatwave_day_flag,winter,3,persistence_flag,50386,0,0,0.0,False,,,0.0,,,,,
heatwave_day_flag,pre_monsoon,all,calibrated,226737,4062,12,0.017915029307082657,True,0.9921335732654466,0.7136659079409223,0.008584842097347016,0.5120607844349154,0.4301546986839067,0.9172821270310192,0.7156223419336547,0.62136878385032
heatwave_day_flag,pre_monsoon,all,uncalibrated,226737,4062,12,0.017915029307082657,True,0.9922417312171059,0.7220509014301784,0.008194851024929834,0.5342268226444513,0.5873472322070453,0.8045297882816347,0.7510489510489511,0.5288035450516987
heatwave_day_flag,pre_monsoon,all,persistence_flag,226737,4062,12,0.017915029307082657,True,0.7421676360633821,0.4499531351641729,0.010099807265686676,0.4259542599973234,0.908294930875576,0.48522895125553916,0.908294930875576,0.48522895125553916
heatwave_day_flag,pre_monsoon,1,calibrated,75579,1354,12,0.017915029307082657,True,0.9964958783848661,0.8338999396829444,0.006499245004598408,0.630600484744029,0.47601744186046513,0.9675036927621861,0.7791601866251944,0.740029542097489
heatwave_day_flag,pre_monsoon,1,uncalibrated,75579,1354,12,0.017915029307082657,True,0.996491465478084,0.8387043217081448,0.006063163830196853,0.6553861597450813,0.6390501319261214,0.8943870014771049,0.8221814848762603,0.6624815361890695
heatwave_day_flag,pre_monsoon,1,persistence_flag,75579,1354,12,0.017915029307082657,True,0.8279754708054127,0.5964595394265524,0.0074756215350824965,0.5751058823997656,0.8980827447023209,0.6573116691285081,0.8980827447023209,0.6573116691285081
heatwave_day_flag,pre_monsoon,2,calibrated,75579,1354,12,0.017915029307082657,True,0.9918911917485111,0.6675318627694005,0.00912354267497708,0.4814424999874356,0.418706000670466,0.9224519940915805,0.678453947368421,0.6093057607090103
heatwave_day_flag,pre_monsoon,2,uncalibrated,75579,1354,12,0.017915029307082657,True,0.9919035847031836,0.6741183461260536,0.008709126381841561,0.5049968017086547,0.5634095634095634,0.8005908419497785,0.7110423116615067,0.5088626292466765
heatwave_day_flag,pre_monsoon,2,persistence_flag,75579,1354,12,0.017915029307082657,True,0.7351940509837498,0.44016599269356005,0.010267402320750473,0.41642861016321786,0.9140401146131805,0.4711964549483013,0.9140401146131805,0.4711964549483013
heatwave_day_flag,pre_monsoon,3,calibrated,75579,1354,12,0.017915029307082657,True,0.9870382828369767,0.6075205990288118,0.010131738612465559,0.42413936857328205,0.3987017423983601,0.861890694239291,0.68,0.5147710487444609
heatwave_day_flag,pre_monsoon,3,uncalibrated,75579,1354,12,0.017915029307082657,True,0.9873641712765041,0.6171336291103462,0.009812262862751085,0.4422975064796183,0.5575931232091691,0.7186115214180206,0.7025,0.4150664697193501
heatwave_day_flag,pre_monsoon,3,persistence_flag,75579,1354,12,0.017915029307082657,True,0.6633333864009835,0.3133845426150896,0.01255639794122706,0.28632828742898675,0.920997920997921,0.327178729689808,0.920997920997921,0.327178729689808
heatwave_day_flag,monsoon,all,calibrated,302316,1173,22,0.0038800460445361806,True,0.9939275152518577,0.35980205937417264,0.003427638929730993,0.11315739803674618,0.22207115341037842,0.835464620630861,0.39823874755381605,0.34697357203751067
heatwave_day_flag,monsoon,all,uncalibrated,302316,1173,22,0.0038800460445361806,True,0.9939456813332055,0.3688579276590286,0.0030606175923716438,0.20811785462875465,0.29714532871972316,0.5856777493606138,0.47639484978540775,0.28388746803069054
heatwave_day_flag,monsoon,all,persistence_flag,302316,1173,22,0.0038800460445361806,True,0.7004592001490519,0.16505633710632103,0.004627608198044431,-0.19731400516631825,0.4035836177474403,0.4032395566922421,0.4035836177474403,0.4032395566922421
heatwave_day_flag,monsoon,1,calibrated,100772,391,22,0.0038800460445361806,True,0.9957148048543745,0.43200022287502865,0.003088436342480138,0.20092023164822714,0.25644804716285924,0.8900255754475703,0.46218487394957986,0.4219948849104859
heatwave_day_flag,monsoon,1,uncalibrated,100772,391,22,0.0038800460445361806,True,0.9957667680001089,0.4412966734954269,0.002774223750859079,0.2822173338329974,0.3526093088857546,0.639386189258312,0.5468164794007491,0.3734015345268542
heatwave_day_flag,monsoon,1,persistence_flag,100772,391,22,0.0038800460445361806,True,0.7458915419718901,0.25533181196552507,0.00378081213035367,0.02177990857390877,0.5132978723404256,0.4936061381074169,0.5132978723404256,0.4936061381074169
heatwave_day_flag,monsoon,2,calibrated,100772,391,22,0.0038800460445361806,True,0.99374387420246,0.34119055283660327,0.003526224458494425,0.08765008859229817,0.2157511581733951,0.8337595907928389,0.3816568047337278,0.329923273657289
heatwave_day_flag,monsoon,2,uncalibrated,100772,391,22,0.0038800460445361806,True,0.9937417212797757,0.35166481298459235,0.0031565534308973264,0.1832961069465039,0.2722710163111669,0.5549872122762148,0.44493392070484583,0.25831202046035806
heatwave_day_flag,monsoon,2,persistence_flag,100772,391,22,0.0038800460445361806,True,0.698288064673084,0.15910884637160416,0.004723534315087524,-0.22213323758220316,0.3929471032745592,0.3989769820971867,0.3929471032745592,0.3989769820971867
heatwave_day_flag,monsoon,3,calibrated,100772,391,22,0.0038800460445361806,True,0.9921443545615503,0.30576226501757986,0.003668255988218417,0.05090187386971301,0.19805825242718447,0.782608695652174,0.345565749235474,0.289002557544757
heatwave_day_flag,monsoon,3,uncalibrated,100772,391,22,0.0038800460445361806,True,0.9921419341159288,0.3148537401092965,0.003251075595358526,0.15884012310676265,0.2729528535980149,0.5626598465473146,0.4195121951219512,0.21994884910485935
heatwave_day_flag,monsoon,3,persistence_flag,100772,391,22,0.0038800460445361806,True,0.6571979938021815,0.10120796201028512,0.005378478148692097,-0.3915886864906599,0.3107769423558897,0.3171355498721228,0.3107769423558897,0.3171355498721228
heatwave_day_flag,post_monsoon,all,calibrated,226737,0,0,0.0,False,,,1.4525968978748566e-06,,,,,
heatwave_day_flag,post_monsoon,all,uncalibrated,226737,0,0,0.0,False,,,7.020561859731327e-08,,,,,
heatwave_day_flag,post_monsoon,all,persistence_flag,226737,0,0,0.0,False,,,0.0,,,,,
heatwave_day_flag,post_monsoon,1,calibrated,75579,0,0,0.0,False,,,5.550978219740262e-07,,,,,
heatwave_day_flag,post_monsoon,1,uncalibrated,75579,0,0,0.0,False,,,5.206919292282861e-08,,,,,
heatwave_day_flag,post_monsoon,1,persistence_flag,75579,0,0,0.0,False,,,0.0,,,,,
heatwave_day_flag,post_monsoon,2,calibrated,75579,0,0,0.0,False,,,1.237416680609965e-06,,,,,
heatwave_day_flag,post_monsoon,2,uncalibrated,75579,0,0,0.0,False,,,6.31032234597989e-08,,,,,
heatwave_day_flag,post_monsoon,2,persistence_flag,75579,0,0,0.0,False,,,0.0,,,,,
heatwave_day_flag,post_monsoon,3,calibrated,75579,0,0,0.0,False,,,2.5652761910405788e-06,,,,,
heatwave_day_flag,post_monsoon,3,uncalibrated,75579,0,0,0.0,False,,,9.544443940931228e-08,,,,,
heatwave_day_flag,post_monsoon,3,persistence_flag,75579,0,0,0.0,False,,,0.0,,,,,
heatwave_day_flag,ALL,all,calibrated,906948,5235,34,0.005772106008282724,True,0.9963289446864972,0.6392356062566112,0.003289167615998199,0.42685334304255595,0.35992351816443596,0.8989493791786055,0.6443174324027259,0.5598853868194842
heatwave_day_flag,ALL,all,uncalibrated,906948,5235,34,0.005772106008282724,True,0.9964229920440584,0.6495234980581733,0.0030689443295132787,0.4652278666816342,0.5021584560690706,0.7554918815663801,0.6971059286316381,0.47392550143266476
heatwave_day_flag,ALL,all,persistence_flag,906948,5235,34,0.005772106008282724,True,0.732930903176179,0.34448973904402075,0.00406748788243648,0.29122885963782463,0.7312986235786954,0.4668576886341929,0.7312986235786954,0.4668576886341929
heatwave_day_flag,ALL,1,calibrated,302316,1745,34,0.005772106008282724,True,0.9980840192428778,0.7593318681886413,0.002654460827054596,0.537452776303977,0.403504502311998,0.9501432664756447,0.7102860620815581,0.6687679083094555
heatwave_day_flag,ALL,1,uncalibrated,302316,1745,34,0.005772106008282724,True,0.9980941775586465,0.7673157558911786,0.002440553133830769,0.5747267901524649,0.5610599078341014,0.8372492836676217,0.7680412371134021,0.5977077363896848
heatwave_day_flag,ALL,1,persistence_flag,302316,1745,34,0.005772106008282724,True,0.8098427521127196,0.49388156376170167,0.003129176093888514,0.4547323132697605,0.7922457937088515,0.6206303724928367,0.7922457937088515,0.6206303724928367
heatwave_day_flag,ALL,2,calibrated,302316,1745,34,0.005772106008282724,True,0.996316847897496,0.5971457045814215,0.003456643500287522,0.3976702017716339,0.35046728971962615,0.9025787965616046,0.6138996138996139,0.546704871060172
heatwave_day_flag,ALL,2,uncalibrated,302316,1745,34,0.005772106008282724,True,0.9963229451748665,0.6058725028641826,0.003229489960168635,0.4372523414904935,0.47813303932377804,0.7455587392550144,0.6605351170568562,0.45272206303724927
heatwave_day_flag,ALL,2,persistence_flag,302316,1745,34,0.005772106008282724,True,0.7270064496820802,0.3330830441738013,0.004141362018550127,0.27835608479253704,0.7251141552511415,0.45501432664756447,0.7251141552511415,0.45501432664756447
heatwave_day_flag,ALL,3,calibrated,302316,1745,34,0.005772106008282724,True,0.9942623294865545,0.5358627949835508,0.0037563985206524805,0.3454370510520567,0.3293828264758497,0.8441260744985674,0.599112426035503,0.46418338108882523
heatwave_day_flag,ALL,3,uncalibrated,302316,1745,34,0.005772106008282724,True,0.9945292998629668,0.5466498067452281,0.0035367898945404316,0.3837044684019444,0.4676597412779302,0.6836676217765043,0.6447761194029851,0.3713467048710602
heatwave_day_flag,ALL,3,persistence_flag,302316,1745,34,0.005772106008282724,True,0.6619435077337377,0.2132538395235909,0.004931925534870797,0.14059818085117648,0.6443181818181818,0.3249283667621776,0.6443181818181818,0.3249283667621776
high_wind_day_flag,winter,all,calibrated,151158,21,2,0.0001389274798555154,False,0.9969527804637671,0.029141663037749982,0.00020468207039161783,-0.47350625318917205,,0.0,,0.0
high_wind_day_flag,winter,all,uncalibrated,151158,21,2,0.0001389274798555154,False,0.9976498774212108,0.05485740002831357,0.00013672942442796327,0.015684854544978588,,0.0,,0.0
high_wind_day_flag,winter,all,persistence_flag,151158,21,2,0.0001389274798555154,False,0.5236308779451756,0.000998112751377547,0.000489553976633721,-2.5242991458081083,0.01818181818181818,0.047619047619047616,0.01818181818181818,0.047619047619047616
high_wind_day_flag,winter,1,calibrated,50386,7,2,0.0001389274798555154,False,0.9975103004936864,0.02739801848674379,0.0001937430062370769,-0.3947559288206841,,0.0,,0.0
high_wind_day_flag,winter,1,uncalibrated,50386,7,2,0.0001389274798555154,False,0.9981738422755514,0.05148987969386462,0.0001363473654926706,0.01843529687323653,,0.0,,0.0
high_wind_day_flag,winter,1,persistence_flag,50386,7,2,0.0001389274798555154,False,0.499930526608309,0.0001389274798555154,0.0002778549597110308,-1.0002778935667638,0.0,0.0,0.0,0.0
high_wind_day_flag,winter,2,calibrated,50386,7,2,0.0001389274798555154,False,0.9976223086149841,0.04742001293725431,0.00020676648439141383,-0.48851194986332613,,0.0,,0.0
high_wind_day_flag,winter,2,uncalibrated,50386,7,2,0.0001389274798555154,False,0.998032059843529,0.08807356072512094,0.00013651690962912484,0.017214748611344755,,0.0,,0.0
high_wind_day_flag,winter,2,persistence_flag,50386,7,2,0.0001389274798555154,False,0.49980150459516864,0.0001389274798555154,0.0005358631365855595,-2.8576787947359024,0.0,0.0,0.0,0.0
high_wind_day_flag,winter,3,calibrated,50386,7,2,0.0001389274798555154,False,0.9955381068642546,0.02309730499549299,0.00021353672054636277,-0.5372508808835061,,0.0,,0.0
high_wind_day_flag,winter,3,uncalibrated,50386,7,2,0.0001389274798555154,False,0.9964355896589565,0.10270410407594555,0.00013732399816209441,0.011404518150354481,,0.0,,0.0
high_wind_day_flag,winter,3,persistence_flag,50386,7,2,0.0001389274798555154,False,0.571160602632049,0.005221121513345544,0.0006549438336045727,-3.7149407491216584,0.03571428571428571,0.14285714285714285,0.03571428571428571,0.14285714285714285
high_wind_day_flag,pre_monsoon,all,calibrated,226737,189,3,0.0008335648791330926,False,0.9904000394978024,0.06209412130272131,0.0008000614114581312,0.03939226451647271,,0.0,,0.0
high_wind_day_flag,pre_monsoon,all,uncalibrated,226737,189,3,0.0008335648791330926,False,0.9906685040431531,0.08838701747626487,0.0008235301483666284,0.011214114822635124,,0.0,,0.0
high_wind_day_flag,pre_monsoon,all,persistence_flag,226737,189,3,0.0008335648791330926,False,0.5708723979024312,0.014539368974740806,0.0018259040209582028,-1.1923036177763655,0.0967741935483871,0.14285714285714285,0.0967741935483871,0.14285714285714285
high_wind_day_flag,pre_monsoon,1,calibrated,75579,63,3,0.0008335648791330926,False,0.9909047972173668,0.06224487170207042,0.000797478090301367,0.04249397427385648,,0.0,,0.0
high_wind_day_flag,pre_monsoon,1,uncalibrated,75579,63,3,0.0008335648791330926,False,0.9910467833159714,0.10693546997212831,0.0008215998471665235,0.01353176474060136,,0.0,,0.0
high_wind_day_flag,pre_monsoon,1,persistence_flag,75579,63,3,0.0008335648791330926,False,0.6264875434786448,0.04527562480168362,0.0016142050040355124,-0.9381234881791054,0.17582417582417584,0.25396825396825395,0.17582417582417584,0.25396825396825395
high_wind_day_flag,pre_monsoon,2,calibrated,75579,63,3,0.0008335648791330926,False,0.9885963407733629,0.05321879190571084,0.0008020303272983345,0.03702825125508025,,0.0,,0.0
high_wind_day_flag,pre_monsoon,2,uncalibrated,75579,63,3,0.0008335648791330926,False,0.9888925042270029,0.060892485675123204,0.0008256149594662277,0.008710949889774389,,0.0,,0.0
high_wind_day_flag,pre_monsoon,2,persistence_flag,75579,63,3,0.0008335648791330926,False,0.5549861398026026,0.009104148470818424,0.0018788287751888753,-1.2558486501756803,0.07526881720430108,0.1111111111111111,0.07526881720430108,0.1111111111111111
high_wind_day_flag,pre_monsoon,3,calibrated,75579,63,3,0.0008335648791330926,False,0.992179519193662,0.08723430041619265,0.000800675816774692,0.038654568020481395,,0.0,,0.0
high_wind_day_flag,pre_monsoon,3,uncalibrated,75579,63,3,0.0008335648791330926,False,0.992588556866326,0.14816491107115834,0.0008233756384671338,0.011399629837529734,,0.0,,0.0
high_wind_day_flag,pre_monsoon,3,persistence_flag,75579,63,3,0.0008335648791330926,False,0.5311435104260466,0.003453990166673514,0.00198467828365022,-1.3829387149743102,0.042105263157894736,0.06349206349206349,0.042105263157894736,0.06349206349206349
high_wind_day_flag,monsoon,all,calibrated,302316,2370,10,0.007839479220418371,True,0.9555523840986173,0.11884626574571339,0.007357806221913081,0.054026020448521894,,0.0,,0.0
high_wind_day_flag,monsoon,all,uncalibrated,302316,2370,10,0.007839479220418371,True,0.9561784581140218,0.13522660152116833,0.007685628560092027,0.011878756375511723,0.0,0.0,,0.0
high_wind_day_flag,monsoon,all,persistence_flag,302316,2370,10,0.007839479220418371,True,0.5993827454342625,0.04819431486062838,0.01248031860702047,-0.6045620532370932,0.20463157894736841,0.20506329113924052,0.20463157894736841,0.20506329113924052
high_wind_day_flag,monsoon,1,calibrated,100772,790,10,0.007839479220418371,True,0.9767036800801359,0.22791323662029303,0.007197595431095456,0.0746239044897562,,0.0,,0.0
high_wind_day_flag,monsoon,1,uncalibrated,100772,790,10,0.007839479220418371,True,0.977902186950613,0.26136311966458986,0.007551318180889762,0.029146691963519156,0.0,0.0,,0.0
high_wind_day_flag,monsoon,1,persistence_flag,100772,790,10,0.007839479220418371,True,0.7186756780777502,0.19929212081476383,0.008762354622315723,-0.12655310867348524,0.44121365360303416,0.4417721518987342,0.44121365360303416,0.4417721518987342
high_wind_day_flag,monsoon,2,calibrated,100772,790,10,0.007839479220418371,True,0.9513432291230142,0.0967603711371768,0.007396851156542761,0.049006114911602006,,0.0,,0.0
high_wind_day_flag,monsoon,2,uncalibrated,100772,790,10,0.007839479220418371,True,0.9521250533956873,0.10491521910017987,0.00772258617446635,0.0071272121665482135,,0.0,,0.0
high_wind_day_flag,monsoon,2,persistence_flag,100772,790,10,0.007839479220418371,True,0.5674854638391873,0.02677664651876898,0.013475965545984996,-0.7325697866122229,0.1414141414141414,0.14177215189873418,0.1414141414141414,0.14177215189873418
high_wind_day_flag,monsoon,3,calibrated,100772,790,10,0.007839479220418371,True,0.9344318496316679,0.06135386043156469,0.007478972078101028,0.03844804194420737,,0.0,,0.0
high_wind_day_flag,monsoon,3,uncalibrated,100772,790,10,0.007839479220418371,True,0.9337695532031209,0.059809022711691945,0.007782981324919973,-0.0006376350035324219,,0.0,,0.0
high_wind_day_flag,monsoon,3,persistence_flag,100772,790,10,0.007839479220418371,True,0.5119870943858501,0.00859030761741958,0.015202635652760688,-0.9545632644255713,0.03156565656565657,0.03164556962025317,0.03156565656565657,0.03164556962025317
high_wind_day_flag,post_monsoon,all,calibrated,226737,330,8,0.0014554307413434948,True,0.9345278100005208,0.014366108115781873,0.0014807759239395166,-0.018897148372233108,,0.0,,0.0
high_wind_day_flag,post_monsoon,all,uncalibrated,226737,330,8,0.0014554307413434948,True,0.9350824694760617,0.015233071266478477,0.0014502982933897982,0.002073999493025558,0.0,0.0,,0.0
high_wind_day_flag,post_monsoon,all,persistence_flag,226737,330,8,0.0014554307413434948,True,0.5584659284145166,0.015597372212736384,0.0025315674107005033,-0.7419291966960548,0.12111801242236025,0.11818181818181818,0.12111801242236025,0.11818181818181818
high_wind_day_flag,post_monsoon,1,calibrated,75579,110,8,0.0014554307413434948,True,0.9826205582304113,0.045815061159311485,0.0014067904419618597,0.03201102442370651,,0.0,,0.0
high_wind_day_flag,post_monsoon,1,uncalibrated,75579,110,8,0.0014554307413434948,True,0.9821105354516424,0.04554084304250494,0.0014401109095724504,0.009083767921225006,,0.0,,0.0
high_wind_day_flag,post_monsoon,1,persistence_flag,75579,110,8,0.0014554307413434948,True,0.6449377769800725,0.08566013188105183,0.002064065414996229,-0.42024889207971006,0.2909090909090909,0.2909090909090909,0.2909090909090909,0.2909090909090909
high_wind_day_flag,post_monsoon,2,calibrated,75579,110,8,0.0014554307413434948,True,0.9353472648010803,0.018034586826973596,0.0014890356863592289,-0.024580552754772667,,0.0,,0.0
high_wind_day_flag,post_monsoon,2,uncalibrated,75579,110,8,0.0014554307413434948,True,0.9367551878616026,0.02349538894334041,0.0014424558743660126,0.00747023686459003,,0.0,,0.0
high_wind_day_flag,post_monsoon,2,persistence_flag,75579,110,8,0.0014554307413434948,True,0.5220514985683465,0.0035133189786741006,0.002738856031437304,-0.8845610298750002,0.04672897196261682,0.045454545454545456,0.04672897196261682,0.045454545454545456
high_wind_day_flag,post_monsoon,3,calibrated,75579,110,8,0.0014554307413434948,True,0.8716887367359747,0.006174121448251185,0.001546501643497461,-0.06412191678563284,,0.0,,0.0
high_wind_day_flag,post_monsoon,3,uncalibrated,75579,110,8,0.0014554307413434948,True,0.872630002204397,0.006049809039469628,0.0014683280962309313,-0.010332006306738029,0.0,0.0,,0.0
high_wind_day_flag,post_monsoon,3,persistence_flag,75579,110,8,0.0014554307413434948,True,0.5084085096951306,0.0017752887105485049,0.0027917807856679766,-0.920977668133454,0.01904761904761905,0.01818181818181818,0.01904761904761905,0.01818181818181818
high_wind_day_flag,ALL,all,calibrated,906948,2910,23,0.0032085632252345227,True,0.9676550895220177,0.07088228745192314,0.0030569250862190417,0.0441936841122349,,0.0,,0.0
high_wind_day_flag,ALL,all,uncalibrated,906948,2910,23,0.0032085632252345227,True,0.967914193902791,0.07944633592539162,0.0031531215345411098,0.014116017738694087,0.0,0.0,,0.0
high_wind_day_flag,ALL,all,persistence_flag,906948,2910,23,0.0032085632252345227,True,0.5936466645195988,0.03727022266531199,0.0053310663896937865,-0.6668602540040116,0.18244803695150116,0.19003436426116838,0.18244803695150116,0.19003436426116838
high_wind_day_flag,ALL,1,calibrated,302316,970,23,0.0032085632252345227,True,0.9844287239499535,0.15443634213963384,0.0029825561111371385,0.06744657192745485,,0.0,,0.0
high_wind_day_flag,ALL,1,uncalibrated,302316,970,23,0.0032085632252345227,True,0.9848539056484783,0.18163646399537325,0.0031052583103967756,0.029081373658648824,0.0,0.0,,0.0
high_wind_day_flag,ALL,1,persistence_flag,302316,970,23,0.0032085632252345227,True,0.7036403234395562,0.16454151906683107,0.003886661638815015,-0.21523937856548936,0.3973973973973974,0.4092783505154639,0.3973973973973974,0.4092783505154639
high_wind_day_flag,ALL,2,calibrated,302316,970,23,0.0032085632252345227,True,0.9653271428719024,0.05770319568458098,0.003072844636327213,0.039216131143051114,,0.0,,0.0
high_wind_day_flag,ALL,2,uncalibrated,302316,970,23,0.0032085632252345227,True,0.9657076213587683,0.062577220921926,0.003163965918218364,0.010725312988565605,,0.0,,0.0
high_wind_day_flag,ALL,2,persistence_flag,302316,970,23,0.0032085632252345227,True,0.5624441363802721,0.018461979771006668,0.005735720239749137,-0.7933830488787732,0.1225296442687747,0.12783505154639174,0.1225296442687747,0.12783505154639174
high_wind_day_flag,ALL,3,calibrated,302316,970,23,0.0032085632252345227,True,0.9498349723826727,0.0361859260492724,0.003115374511192774,0.025918349266198515,,0.0,,0.0
high_wind_day_flag,ALL,3,uncalibrated,302316,970,23,0.0032085632252345227,True,0.9496584944210104,0.035004527677024846,0.0031901403750081887,0.002541366568868164,0.0,0.0,,0.0
high_wind_day_flag,ALL,3,persistence_flag,302316,970,23,0.0032085632252345227,True,0.5148555337389682,0.004137684406079829,0.0063708172905172075,-0.9919583345677723,0.03137254901960784,0.032989690721649485,0.03137254901960784,0.032989690721649485
