season,blend,rmse,mae,best_expert,n,rmse_gain_vs_climatology_%,mae_gain_vs_climatology_%,rmse_gain_vs_persistence_%,mae_gain_vs_persistence_%,rmse_gain_vs_recent3_%,mae_gain_vs_recent3_%,rmse_gain_vs_anom_persistence_%,mae_gain_vs_anom_persistence_%,rmse_gain_vs_best_%,beats_every_expert_rmse,beats_every_expert_mae,target
monsoon,gating_adaptive,12.49014987019234,6.543004999386624,climatology,100800,3.3080449446225004,8.541559084850242,26.286443001448657,21.36400592984639,16.795648036756095,19.02375857674471,26.25726630944467,21.599773727261645,3.3080449446225004,True,True,tp_mm
monsoon,lgbm_season,12.474784984476884,6.778796926749736,climatology,100800,3.426991542899551,5.2456480991441135,26.377122488142845,18.530180706779312,16.898002722026508,16.10559726743806,26.347981688145186,18.77444492798882,3.426991542899551,True,True,tp_mm
monsoon,static_blend,12.752136293144877,6.9291044877056684,climatology,100800,1.2798883815294941,3.1446417291234434,24.740268510200455,16.723734819432753,15.05039991952125,14.245390627698487,24.71047982416508,16.973415157943837,1.2798883815294941,True,True,tp_mm
post_monsoon,gating_adaptive,6.463210805534315,2.3528336893887447,climatology,75600,17.58342233289702,41.33149392707121,25.594496201498146,4.7774617448357475,18.730149986007767,12.630370740239709,26.073660676567183,7.282809182658049,17.58342233289702,True,True,tp_mm
post_monsoon,lgbm_season,6.771877660295183,3.0304230950743576,climatology,75600,13.647411799730385,24.435629871016204,22.041074608825408,-22.645548812682556,14.848904310216655,-12.53109113107232,22.543122786110384,-19.418689740150953,13.647411799730385,True,False,tp_mm
post_monsoon,static_blend,6.980651743352903,3.0616010125026065,climatology,75600,10.985198551715753,23.6582005753418,19.637634384242528,-23.90736363980664,12.223732560846958,-13.688845331499978,20.15516049144907,-20.647305656575238,10.985198551715753,True,False,tp_mm
pre_monsoon,gating_adaptive,4.776606484735523,1.8673942741741885,climatology,75600,7.620828637995897,19.466950954816923,11.872329538290675,0.8472084245237391,8.047061778261943,2.2478930550764087,12.015382097972259,3.2268932030391593,7.620828637995897,True,True,tp_mm
pre_monsoon,lgbm_season,5.239724580914132,2.288239852510115,climatology,75600,-1.3358367487064857,1.3176088103661814,3.327870392386708,-21.4983746648622,-0.8682779767228047,-19.782024541722617,3.4847926793118726,-18.582391885050615,-1.3358367487064857,False,False,tp_mm
pre_monsoon,static_blend,4.791082636680183,1.9574455510124733,climatology,75600,7.340861065738965,15.583409061980165,11.60524671448899,-3.934232542141182,7.76838596318075,-2.46600275458903,11.748732814299249,-1.4397923229876504,7.340861065738965,True,False,tp_mm
winter,gating_adaptive,3.4374480823031486,0.9548376400803208,climatology,50400,2.160561934881502,9.377190092088881,15.783479767550434,9.990262434982647,8.128582476526843,10.893174383218527,15.58713052273185,9.804691471850438,2.160561934881502,True,True,tp_mm
winter,lgbm_season,3.5500528164208953,1.1406082276310419,climatology,50400,-1.0444854275126139,-8.254134790195602,13.02469515697882,-7.52178477686889,5.119036937057993,-6.443204761006102,12.821913857340025,-7.743459916676125,-1.0444854275126139,False,False,tp_mm
winter,static_blend,3.442806445503997,1.0116387076197744,climatology,50400,2.0080478511870243,3.9862501771507577,15.652201362142575,4.635792765972775,7.9853714632749115,5.592416843267175,15.455546044172413,4.439182618409852,2.0080478511870243,True,True,tp_mm
monsoon,gating_adaptive,1.2281471794874321,0.829688145951063,persistence,100800,17.609197498430415,18.39754415722636,8.056328308833786,7.781470940245448,9.986695684829023,11.327807461857867,8.429854799893413,8.268081841176707,8.056328308833786,True,True,t2m_C_mean
monsoon,lgbm_season,1.206229289926729,0.8239941882454546,persistence,100800,19.079568916618882,18.95756292392806,9.697183147399283,8.414345360233408,11.593100597794963,11.936344195134913,10.064043570648977,8.897616763182791,9.697183147399283,True,True,t2m_C_mean
monsoon,static_blend,1.1981478206952403,0.8143699637305043,persistence,100800,19.621717892323886,19.904135874059723,10.302192030872332,9.48406273831186,12.185407254030812,12.964924744808469,10.666594570494508,9.961689547464358,10.302192030872332,True,True,t2m_C_mean
post_monsoon,gating_adaptive,1.359766548582164,0.9088341045295006,persistence,75600,35.349170755230006,35.23968669871863,11.510257485127262,9.344440374559662,21.04258464112922,21.77532930760656,12.465412248667267,10.692696629331715,11.510257485127262,True,True,t2m_C_mean
post_monsoon,lgbm_season,1.371792159047497,0.9194412931884242,persistence,75600,34.777406661188245,34.48385584094805,10.727664932919621,8.286380802262745,20.34429483436397,20.862353181731603,11.691266969362774,9.650372831455746,10.727664932919621,True,True,t2m_C_mean
post_monsoon,static_blend,1.4382112842280799,0.95060719492759,persistence,75600,31.61947376078391,32.26308358901963,6.405297029825316,5.177604129694712,16.487542761646523,18.17985877683704,7.415554533615081,6.587830803633132,6.405297029825316,True,True,t2m_C_mean
pre_monsoon,gating_adaptive,1.6684794292455634,1.0807749227661685,persistence,75600,23.196786146349297,26.97145922085021,-5.771539498234869,-0.9996392882371354,3.7615852686705895,10.313992984136389,-0.3670856255377338,3.151365324663511,-5.771539498234869,False,False,t2m_C_mean
pre_monsoon,lgbm_season,1.7499711523256734,1.15493665725844,persistence,75600,19.445570443405796,21.960311073778424,-10.937623571830283,-7.930137280861279,-0.9388827775554759,4.159825543834371,-5.269205846373988,-3.4942947285400714,-10.937623571830283,False,False,t2m_C_mean
pre_monsoon,static_blend,1.5740817055897767,1.0457334281228698,persistence,75600,27.54208907915888,29.339231794598344,0.21270722437305478,2.2750280310559283,9.206475460086883,13.221843331349874,5.311392782374219,6.2914464291552745,0.21270722437305478,True,True,t2m_C_mean
winter,gating_adaptive,1.4945600247221784,0.9234111017767905,climatology,50400,11.214296524259991,14.385682656658467,17.807784910078034,14.503690417266986,22.635836095644816,20.22122889859379,18.02426761625646,15.006856768885225,11.214296524259991,True,True,t2m_C_mean
winter,lgbm_season,1.7066088430773754,1.110451006083026,climatology,50400,-1.382657226303006,-2.9557741358038876,6.146318124189692,-2.8138635217326593,11.659375286045822,4.0617808653568925,6.393515489719459,-2.2087791987193324,-1.382657226303006,False,False,t2m_C_mean
winter,static_blend,1.5393696859791068,0.9252710397352902,climatology,50400,8.552337665869173,14.213237991101034,15.343510973124157,14.331483443364904,20.316316022421894,20.060538211240726,15.5664842294119,14.83566327445617,8.552337665869173,True,True,t2m_C_mean
monsoon,gating_adaptive,1.2716503753734316,0.8784108010845052,persistence,100800,19.607311765688337,20.118963276371584,10.162021246798844,9.079078939251838,17.248499776389192,15.699373955144921,11.02586432053701,9.917565645560565,10.162021246798844,True,True,wind_speed_mean
monsoon,lgbm_season,1.316302475946685,0.9064141141354944,persistence,100800,16.784442783843744,17.572394318604253,7.007495018307981,6.180563788703875,14.342804640265637,13.011910619523496,7.901670649292268,7.045781047160715,7.007495018307981,True,True,wind_speed_mean
monsoon,static_blend,1.2455110299607008,0.8500014253751567,persistence,100800,21.25981963035794,22.702458813461988,12.008681306268329,12.019624072651585,18.94949408241566,18.42580691212217,12.854767697097321,12.830992619851374,12.008681306268329,True,True,wind_speed_mean
post_monsoon,gating_adaptive,1.241434448501827,0.7989329749217661,persistence,75600,22.110840736234735,24.344613087483644,0.0723695138475653,-0.42638374063116563,4.6493508195157,5.448179809141399,2.704234987416568,1.9614650101422224,0.0723695138475653,True,False,wind_speed_mean
post_monsoon,lgbm_season,1.2792813594328212,0.838010694846053,persistence,75600,19.73627792568662,20.644127423063072,-2.974067722624168,-5.338478021393122,1.7424494272582915,0.8234244620339412,-0.2619660527092906,-2.8338338852328455,-2.974067722624168,False,False,wind_speed_mean
post_monsoon,static_blend,1.1815786382677038,0.7634876714181648,persistence,75600,25.866269580515322,27.7011251291341,4.890384105550684,4.029113482780316,9.246686079492672,9.643047299510165,7.395354082915437,6.311023404704955,4.890384105550684,True,True,wind_speed_mean
pre_monsoon,gating_adaptive,0.8931079107253173,0.6447071649116419,climatology,75600,12.907135802600733,14.278750528277603,16.404756138791708,14.669072285838944,16.253198033181807,15.009679984614094,17.225070748626827,15.509893135924454,12.907135802600733,True,True,wind_speed_mean
pre_monsoon,lgbm_season,0.9543903816710942,0.6857367589542681,climatology,75600,6.931076408582957,8.823393029445588,10.668693293967982,9.238555124031787,10.506735711327254,9.600839323967667,11.545295509858217,10.132886373906809,6.931076408582957,True,True,wind_speed_mean
pre_monsoon,static_blend,0.8834862676488753,0.636056902629752,climatology,75600,13.845405908317145,15.428902615021267,17.305345630455108,15.813987288583863,17.155420292823194,16.150024934333405,18.116822815057013,16.643526550250364,13.845405908317145,True,True,wind_speed_mean
winter,gating_adaptive,0.8872115849567938,0.6096971160370028,climatology,50400,7.041336380891269,8.16258023752979,16.66586480854048,16.777925231563266,17.88555998490569,17.133707023769798,17.29110461561365,17.340582049348978,7.041336380891269,True,True,wind_speed_mean
winter,lgbm_season,0.9037358822478695,0.6267791683032695,climatology,50400,5.30998320711811,5.589545917507878,15.113768276273674,14.446269408517988,16.356180249895015,14.812019237328268,15.75065316173116,15.024690337559234,5.30998320711811,True,True,wind_speed_mean
winter,static_blend,0.8926241584863301,0.6148465136496262,climatology,50400,6.474227462819186,7.386937090079423,16.157471836793988,16.075045815115214,17.384607955024286,16.43383247951683,16.786526017446988,16.642454736196186,6.474227462819186,True,True,wind_speed_mean
