season,model,rmse,mae,n,target
winter,climatology,3.5133563216249297,1.053639410486836,50400,tp_mm
winter,persistence,4.081679072960155,1.060815936043149,50400,tp_mm
winter,recent3,3.74158598502617,1.0715650944482713,50400,tp_mm
winter,anom_persistence,4.07218484999948,1.0586333764602847,50400,tp_mm
winter,static_blend,3.442806445503997,1.0116387076197744,50400,tp_mm
winter,gating_adaptive,3.4374480823031486,0.9548376400803208,50400,tp_mm
winter,lgbm_season,3.5500528164208953,1.1406082276310419,50400,tp_mm
winter,quantile_median,3.614486050226484,0.8467678860789717,50400,tp_mm
pre_monsoon,climatology,5.1706530967002795,2.3187924663407276,75600,tp_mm
pre_monsoon,persistence,5.420098431866431,1.8833501755245148,75600,tp_mm
pre_monsoon,recent3,5.19462083225342,1.9103365978866658,75600,tp_mm
pre_monsoon,anom_persistence,5.42891086945942,1.929662419634991,75600,tp_mm
pre_monsoon,static_blend,4.791082636680183,1.9574455510124733,75600,tp_mm
pre_monsoon,gating_adaptive,4.776606484735523,1.8673942741741885,75600,tp_mm
pre_monsoon,lgbm_season,5.239724580914132,2.288239852510115,75600,tp_mm
pre_monsoon,quantile_median,5.157316518283987,1.5927948134820933,75600,tp_mm
monsoon,climatology,12.917465432402283,7.154074499757626,100800,tp_mm
monsoon,persistence,16.944169266499788,8.32062349660056,100800,tp_mm
monsoon,recent3,15.01141415741084,8.08015398638589,100800,tp_mm
monsoon,anom_persistence,16.93746521874877,8.34564555544119,100800,tp_mm
monsoon,static_blend,12.752136293144877,6.9291044877056684,100800,tp_mm
monsoon,gating_adaptive,12.49014987019234,6.543004999386624,100800,tp_mm
monsoon,lgbm_season,12.474784984476884,6.778796926749736,100800,tp_mm
monsoon,quantile_median,12.997341508080677,6.089149448973769,100800,tp_mm
post_monsoon,climatology,7.84212471384157,4.010386230840817,75600,tp_mm
post_monsoon,persistence,8.686468709408095,2.470878987791677,75600,tp_mm
post_monsoon,recent3,7.95277806520074,2.6929651748818695,75600,tp_mm
post_monsoon,anom_persistence,8.742771337908838,2.5376455742969592,75600,tp_mm
post_monsoon,static_blend,6.980651743352903,3.0616010125026065,75600,tp_mm
post_monsoon,gating_adaptive,6.463210805534315,2.3528336893887447,75600,tp_mm
post_monsoon,lgbm_season,6.771877660295183,3.0304230950743576,75600,tp_mm
post_monsoon,quantile_median,6.580201697710013,1.7168337127132502,75600,tp_mm
winter,climatology,1.6833341024667954,1.0785708867754078,50400,t2m_C_mean
winter,persistence,1.8183717558737926,1.0800596029039413,50400,t2m_C_mean
winter,recent3,1.9318505484915385,1.1574646851893087,50400,t2m_C_mean
winter,anom_persistence,1.8231737384496511,1.0864536439908283,50400,t2m_C_mean
winter,static_blend,1.5393696859791068,0.9252710397352902,50400,t2m_C_mean
winter,gating_adaptive,1.4945600247221784,0.9234111017767905,50400,t2m_C_mean
winter,lgbm_season,1.7066088430773754,1.110451006083026,50400,t2m_C_mean
winter,quantile_median,1.490355362932138,0.938705144301073,50400,t2m_C_mean
pre_monsoon,climatology,2.1724083479434437,1.4799349832753854,75600,t2m_C_mean
pre_monsoon,persistence,1.577437028108499,1.0700780026370256,75600,t2m_C_mean
pre_monsoon,recent3,1.7336937998235826,1.2050652701875797,75600,t2m_C_mean
pre_monsoon,anom_persistence,1.6623770819355443,1.1159423428004185,75600,t2m_C_mean
pre_monsoon,static_blend,1.5740817055897767,1.0457334281228698,75600,t2m_C_mean
pre_monsoon,gating_adaptive,1.6684794292455634,1.0807749227661685,75600,t2m_C_mean
pre_monsoon,lgbm_season,1.7499711523256734,1.15493665725844,75600,t2m_C_mean
pre_monsoon,quantile_median,1.6638442167882146,1.0932861722544116,75600,t2m_C_mean
monsoon,climatology,1.4906362630270962,1.0167440886211228,100800,t2m_C_mean
monsoon,persistence,1.3357604247225536,0.8996978746141706,100800,t2m_C_mean
monsoon,recent3,1.3644062828614973,0.9356801971420461,100800,t2m_C_mean
monsoon,anom_persistence,1.341209164628476,0.9044705077621435,100800,t2m_C_mean
monsoon,static_blend,1.1981478206952403,0.8143699637305043,100800,t2m_C_mean
monsoon,gating_adaptive,1.2281471794874321,0.829688145951063,100800,t2m_C_mean
monsoon,lgbm_season,1.206229289926729,0.8239941882454546,100800,t2m_C_mean
monsoon,quantile_median,1.2223405818560487,0.8263130921702592,100800,t2m_C_mean
post_monsoon,climatology,2.103246879377288,1.4033812657782774,75600,t2m_C_mean
post_monsoon,persistence,1.5366374790316786,1.0025133684955576,75600,t2m_C_mean
post_monsoon,recent3,1.7221517984116683,1.1618254145208893,75600,t2m_C_mean
post_monsoon,anom_persistence,1.553404869449975,1.01764813204291,75600,t2m_C_mean
post_monsoon,static_blend,1.4382112842280799,0.95060719492759,75600,t2m_C_mean
post_monsoon,gating_adaptive,1.359766548582164,0.9088341045295006,75600,t2m_C_mean
post_monsoon,lgbm_season,1.371792159047497,0.9194412931884242,75600,t2m_C_mean
post_monsoon,quantile_median,1.3268050861136405,0.8919284840243802,75600,t2m_C_mean
winter,climatology,0.9544151673609227,0.6638874628816155,50400,wind_speed_mean
winter,persistence,1.0646436576301321,0.7326146551061954,50400,wind_speed_mean
winter,recent3,1.0804574503506401,0.7357600951352941,50400,wind_speed_mean
winter,anom_persistence,1.072691855976933,0.7376015113014728,50400,wind_speed_mean
winter,static_blend,0.8926241584863301,0.6148465136496262,50400,wind_speed_mean
winter,gating_adaptive,0.8872115849567938,0.6096971160370028,50400,wind_speed_mean
winter,lgbm_season,0.9037358822478695,0.6267791683032695,50400,wind_speed_mean
winter,quantile_median,0.8800347717067764,0.5979711488715654,50400,wind_speed_mean
pre_monsoon,climatology,1.0254662295880572,0.7520972557969037,75600,wind_speed_mean
pre_monsoon,persistence,1.0683716793842106,0.7555375081251459,75600,wind_speed_mean
pre_monsoon,recent3,1.066438227789499,0.7585654046189375,75600,wind_speed_mean
pre_monsoon,anom_persistence,1.0789594371178532,0.763056396589511,75600,wind_speed_mean
pre_monsoon,static_blend,0.8834862676488753,0.636056902629752,75600,wind_speed_mean
pre_monsoon,gating_adaptive,0.8931079107253173,0.6447071649116419,75600,wind_speed_mean
pre_monsoon,lgbm_season,0.9543903816710942,0.6857367589542681,75600,wind_speed_mean
pre_monsoon,quantile_median,0.8855415330832033,0.6373325590399049,75600,wind_speed_mean
monsoon,climatology,1.5817985482300245,1.0996487240440078,100800,wind_speed_mean
monsoon,persistence,1.4154930832391635,0.9661261575843488,100800,wind_speed_mean
monsoon,recent3,1.536709753825831,1.0419979569512523,100800,wind_speed_mean
monsoon,anom_persistence,1.4292359972505515,0.9751188535028921,100800,wind_speed_mean
monsoon,static_blend,1.2455110299607008,0.8500014253751567,100800,wind_speed_mean
monsoon,gating_adaptive,1.2716503753734316,0.8784108010845052,100800,wind_speed_mean
monsoon,lgbm_season,1.316302475946685,0.9064141141354944,100800,wind_speed_mean
monsoon,quantile_median,1.285184497159698,0.8873792740927329,100800,wind_speed_mean
post_monsoon,climatology,1.5938475395501583,1.0560159792000103,75600,wind_speed_mean
post_monsoon,persistence,1.242333519230059,0.7955409177982066,75600,wind_speed_mean
post_monsoon,recent3,1.3019674844079772,0.8449683711102243,75600,wind_speed_mean
post_monsoon,anom_persistence,1.275938832837452,0.8149172924752668,75600,wind_speed_mean
post_monsoon,static_blend,1.1815786382677038,0.7634876714181648,75600,wind_speed_mean
post_monsoon,gating_adaptive,1.241434448501827,0.7989329749217661,75600,wind_speed_mean
post_monsoon,lgbm_season,1.2792813594328212,0.838010694846053,75600,wind_speed_mean
post_monsoon,quantile_median,1.2356268381466038,0.7865754383623048,75600,wind_speed_mean
