regime,blend,rmse,mae,best_expert,n,rmse_gain_vs_climatology_%,mae_gain_vs_climatology_%,rmse_gain_vs_persistence_%,mae_gain_vs_persistence_%,rmse_gain_vs_recent3_%,mae_gain_vs_recent3_%,rmse_gain_vs_anom_persistence_%,mae_gain_vs_anom_persistence_%,rmse_gain_vs_best_%,beats_every_expert_rmse,beats_every_expert_mae,target
cyclonic,gating_adaptive,8.262083429909188,4.407808650333951,climatology,19846,10.131731285760509,16.765391485722798,51.33757307233539,41.16566433394379,44.30007233203297,45.133851119326174,51.01601685630941,41.000451791276255,10.131731285760509,True,True,tp_mm
cyclonic,lgbm_season,8.088579629523103,4.252393618446487,climatology,19846,12.018965454758703,19.70016256191436,52.35948432263763,43.2401055992027,45.46977113907207,47.06837799067443,52.044680789030274,43.08071828957584,12.018965454758703,True,True,tp_mm
cyclonic,static_blend,9.596531088223314,5.588123115442888,climatology,19846,-4.383312257412674,-5.523010806794499,43.47787736575039,25.411119856052377,35.30371703311271,30.44190001483043,43.10438510439971,25.20166701862678,-4.383312257412674,False,False,tp_mm
dry_spell,gating_adaptive,2.052927218600558,0.3994165448763078,anom_persistence,183834,9.394924843657169,43.56887415355505,1.5929008789336996,-36.03246473694028,1.6937952021798612,-35.87954250126354,1.4350329616922688,-28.38186232935151,1.4350329616922688,True,False,tp_mm
dry_spell,lgbm_season,2.106757066956378,0.6782688645376178,anom_persistence,183834,7.019167236790638,4.171531842025048,-0.9874337646072395,-131.00341380688508,-0.8838938891607393,-130.74372904298244,-1.1494411398715165,-118.01154986286397,-1.1494411398715165,False,False,tp_mm
dry_spell,static_blend,2.083426778415623,0.49604077865777757,anom_persistence,183834,8.048839661366541,29.917425894126996,0.1309039904536724,-68.94054739706678,0.23329726233228684,-68.75063121599655,-0.02930931046291224,-59.439161377525075,-0.02930931046291224,False,False,tp_mm
heatwave,gating_adaptive,1.8669517694024536,0.5384399892586278,anom_persistence,3342,7.014007003190095,38.17894334248203,4.731082533234844,-16.969948242922086,5.835617723032618,-5.600333896220031,4.074909291459488,-7.221729097901367,4.074909291459488,True,False,tp_mm
heatwave,lgbm_season,1.889069506841827,0.7937945163750456,anom_persistence,3342,5.912403945013009,8.860380450536088,3.602433717985762,-72.4428076446342,4.720054312409878,-55.68116716147143,2.9384868059345135,-58.07150711698549,2.9384868059345135,True,False,tp_mm
heatwave,static_blend,1.8914617171896786,0.6923553741062893,anom_persistence,3342,5.7932567563722355,20.507128624128068,3.480361314227012,-50.406310620480994,4.59939719990498,-35.78664315244291,2.8155736175102546,-37.87152114038711,2.8155736175102546,True,False,tp_mm
monsoon,gating_adaptive,14.769062367628521,8.866341007823143,climatology,133493,3.543542366157662,2.970914615799389,28.87239270981168,27.601386520828594,17.40128222322675,24.206929385644802,28.858325212751947,27.6798772244203,3.543542366157662,True,True,tp_mm
monsoon,lgbm_season,14.860624650173857,9.099638014154973,climatology,133493,2.9455508886113293,0.4178213919682424,28.431429978842885,25.69638650195239,16.88920319297388,22.212612174133962,28.417275268925057,25.776942504651892,2.9455508886113293,True,True,tp_mm
monsoon,static_blend,14.997588095474574,9.253764882745482,climatology,133493,2.051045304560838,-1.2688709063849088,27.771815853858673,24.437854760843667,16.123209747856823,20.895073335469558,27.75753068658234,24.519775196328617,2.051045304560838,True,False,tp_mm
normal,gating_adaptive,6.436195507965616,2.578230917691653,persistence,510084,9.74308335030649,30.505703186180984,5.7230524289571445,-6.898068955545081,5.9366886184641805,-5.992769822647054,5.776800400055837,-4.842597194963577,5.7230524289571445,True,False,tp_mm
normal,lgbm_season,6.564364002206872,3.084658133083034,persistence,510084,7.94573380001194,16.855334253163036,3.845649171568868,-27.895447825061467,4.063539648984136,-26.812325939428682,3.900467463871402,-25.436231453055125,3.845649171568868,True,False,tp_mm
normal,static_blend,6.557075760096428,2.916451892193212,persistence,510084,8.047939250401235,21.389208372087875,3.952406838964312,-20.92131598372433,4.170055398266504,-19.897256675838435,4.00716426794692,-18.596200547258764,3.952406838964312,True,False,tp_mm
wet_spell,gating_adaptive,12.331045605027183,7.216946722845039,climatology,56349,7.472288136657366,-0.4077834844955659,30.865236878516157,27.62433637843288,23.364136632698703,32.523380850192396,31.366009961292193,28.138678270081616,7.472288136657366,True,False,tp_mm
wet_spell,lgbm_season,12.956809439414025,7.500307890754181,climatology,56349,2.7767823687571194,-4.350124738764767,27.356853579480397,24.782628747824003,19.475094839461182,29.874025888443096,27.883039404571473,25.317165401152334,2.7767823687571194,True,False,tp_mm
wet_spell,static_blend,12.910470989019267,7.818433826465878,climatology,56349,3.124489361631431,-8.776140518073502,27.616652942330226,21.592280170151618,19.763082352187386,26.899629176084932,28.140956927924595,22.149489222465316,3.124489361631431,True,False,tp_mm
cyclonic,gating_adaptive,1.7763136507453425,0.9840934991131322,climatology,19846,1.6245604554298296,4.433954576586388,26.441831816925216,22.817516895584898,28.204511239832478,26.11373026717489,27.191484845100298,24.295188909264876,1.6245604554298296,True,True,t2m_C_mean
cyclonic,lgbm_season,2.0221323755181104,1.0641951776472305,climatology,19846,-11.989321917010285,-3.344778497232334,16.26233728238903,16.535139808788806,18.268948630123,20.09965311743645,17.115732547376133,18.133089020443666,-11.989321917010285,False,False,t2m_C_mean
cyclonic,static_blend,2.0854081824577593,1.1116099283506504,climatology,19846,-15.493649723990426,-7.949259904279966,13.642049785958742,12.816399467180213,15.711451262459425,16.53972810731828,14.522149175109178,14.485544607080914,-15.493649723990426,False,False,t2m_C_mean
dry_spell,gating_adaptive,1.598689437532764,1.1529346488509369,persistence,183834,25.21879023637474,29.103912783882272,8.372183317166787,5.511393393423332,16.78767138124614,17.60458924835482,10.838869115939959,8.375604383287541,8.372183317166787,True,True,t2m_C_mean
dry_spell,lgbm_season,1.7201486207747716,1.2432755410709149,persistence,183834,19.53734614442113,23.548683976774466,1.4108314027382962,-1.8924824758361818,10.465679609475115,11.148304037780337,4.064921731371888,1.1961604682489233,1.4108314027382962,True,False,t2m_C_mean
dry_spell,static_blend,1.571172815791225,1.1304072089289814,persistence,183834,26.505923443194458,30.489166793773084,9.949280102490942,7.3576267517150455,18.219920895803877,19.214531032481492,12.373509337477204,10.16587330243062,9.949280102490942,True,True,t2m_C_mean
heatwave,gating_adaptive,1.5188434557546946,1.1761402607249472,persistence,3342,46.06241473752504,49.11689326008724,10.053607235165504,7.657776254456412,23.546575234600976,27.721602770501764,17.2218754486256,17.84851672772878,10.053607235165504,True,True,t2m_C_mean
heatwave,lgbm_season,1.8922496273301148,1.5437611548456724,persistence,3342,32.80191238583538,33.21258845902784,-12.05962506805905,-21.20521908039307,4.750575859344864,5.129867836827034,-3.1290451560020087,-7.829204495147447,-12.05962506805905,False,False,t2m_C_mean
heatwave,static_blend,2.017668599009757,1.6119383869593475,persistence,3342,28.347999474092095,30.263051320716055,-19.48697648081762,-26.558013668270164,-1.5625895160155066,0.9401115388132569,-9.964474587170114,-12.591273213111478,-19.48697648081762,False,False,t2m_C_mean
monsoon,gating_adaptive,1.1633228721312876,0.8264665070051037,persistence,133493,17.73355054934619,15.32101554814273,9.356500112056624,9.799240649912557,13.303915136184143,14.169418166801632,9.789052169255093,10.165947654271458,9.356500112056624,True,True,t2m_C_mean
monsoon,lgbm_season,1.1396836040284999,0.8201486044234002,persistence,133493,19.405243508383073,15.96834193094207,11.198418677364673,10.488778103081263,15.065620370951063,14.82554790703529,11.622181073245995,10.852681824899454,11.198418677364673,True,True,t2m_C_mean
monsoon,static_blend,1.1422959366050194,0.8192856859295187,persistence,133493,19.22050775616597,16.056755751837734,10.994871602619039,10.582957241310838,14.870937525653334,14.915164117464519,11.419605328005803,10.946478082209822,10.994871602619039,True,True,t2m_C_mean
normal,gating_adaptive,1.4319475493370144,0.8885856443850079,persistence,510084,24.13809451559842,25.44554828598478,3.2515198597442545,5.041291465505126,9.356634559646125,12.639959497015779,4.86641380275551,6.207893941282619,3.2515198597442545,True,True,t2m_C_mean
normal,lgbm_season,1.4961286501292912,0.9501368695496678,persistence,510084,20.7378997218416,20.281253911576876,-1.0848288830964172,-1.536380464359582,5.293922223449137,6.588637874422484,0.6024459728702247,-0.28896888242786134,-1.0848288830964172,False,False,t2m_C_mean
normal,static_blend,1.4017826767287884,0.8795736419517104,persistence,510084,25.736173101517128,26.201676752053885,5.289587231570482,6.0043591425301495,11.266093863902828,13.52596176653336,6.870462421528048,7.159129979549092,5.289587231570482,True,True,t2m_C_mean
wet_spell,gating_adaptive,1.2190829317212208,0.7921904938967221,persistence,56349,25.71454325772434,22.76228907860125,15.97060430531677,16.46843404856664,23.465098079654638,22.998393890082088,17.23797701122788,17.60254153208887,15.97060430531677,True,True,t2m_C_mean
wet_spell,lgbm_season,1.200791357244913,0.8124337174632852,persistence,56349,26.8291499256968,20.788596813928248,17.231412663430945,14.33391188824339,24.613456261108578,21.03073492487528,18.47976923710347,15.496999764126208,17.231412663430945,True,True,t2m_C_mean
wet_spell,static_blend,1.261839268805198,0.8173320495668907,persistence,56349,23.109163470784406,20.31101476525422,13.023479812143753,13.81741319971244,20.780824532673552,20.55461277730686,14.335302500262769,14.987513574657383,13.023479812143753,True,True,t2m_C_mean
cyclonic,gating_adaptive,1.9842701160130334,1.5451497485005037,persistence,19846,32.61231549873052,37.0404169973462,14.036306864748807,16.39973367387286,24.257173294426117,26.444976410978487,14.21231078361713,16.323560621055645,14.036306864748807,True,True,wind_speed_mean
cyclonic,lgbm_season,2.0772866223929976,1.6355507392157187,persistence,19846,29.45338721837226,33.356884909935154,10.006592187078455,11.508591629373957,20.706581534443547,22.141544325524286,10.190846630666268,11.427961973274655,10.006592187078455,True,True,wind_speed_mean
cyclonic,static_blend,1.8368219394349434,1.379600977484382,persistence,19846,37.61979463342437,43.78596486407676,20.424141717686744,25.356743413764942,29.88551068482492,34.325729567131475,20.587067045743108,25.288731612173162,20.424141717686744,True,True,wind_speed_mean
dry_spell,gating_adaptive,0.7195579631331598,0.49072444302076507,climatology,183834,8.471313784366936,9.377766919594329,16.878104575403384,15.910735696379755,16.567982963404706,15.73976327204595,17.304107847197585,16.29933161455338,8.471313784366936,True,True,wind_speed_mean
dry_spell,lgbm_season,0.7272562289973339,0.5049493431798209,climatology,183834,7.492084595354242,6.750850253646008,15.988816313862452,13.473193800556894,15.675376833475523,13.297265304234644,16.419377226059936,13.873054162996246,7.492084595354242,True,True,wind_speed_mean
dry_spell,static_blend,0.7239605634683934,0.49264459745547867,climatology,183834,7.911297433687109,9.023171412466457,16.369524998202785,15.581703026292098,16.057505913612736,15.41006160439058,16.798134762098115,15.971819480453293,7.911297433687109,True,True,wind_speed_mean
heatwave,gating_adaptive,1.0046130755288074,0.772959612358979,climatology,3342,7.062334403265175,5.685477896165902,17.997382142781927,16.242352661435362,19.19070099643466,19.36213631855245,18.501561895045484,16.15417747201482,7.062334403265175,True,True,wind_speed_mean
heatwave,lgbm_season,1.0184952884895233,0.7870683952958769,climatology,3342,5.778078307746461,3.963960886888756,16.86423164717357,14.713529619829618,18.074040338416484,17.890258490803372,17.37537839087084,14.62374497425113,5.778078307746461,True,True,wind_speed_mean
heatwave,static_blend,1.0591289177643206,0.8022265778124368,climatology,3342,2.019024457551459,2.1143988694775753,13.547468154105212,13.070993987675552,14.805543065534868,16.308903610309066,14.079007478429158,12.979480175924216,2.019024457551459,True,True,wind_speed_mean
monsoon,gating_adaptive,1.2979537886014518,0.8847329682148666,persistence,133493,13.878966566373531,15.397589631712048,9.606954263215712,9.131916810535218,14.13918135259557,12.983926872991905,10.313003585178562,9.638552470441988,9.606954263215712,True,True,wind_speed_mean
monsoon,lgbm_season,1.33787035831155,0.9014727509761482,persistence,133493,11.23044682341478,13.796851305544017,6.827055361461841,7.412627457506056,11.498664114614304,11.337520315061814,7.554818142891739,7.928849027727742,6.827055361461841,True,True,wind_speed_mean
monsoon,static_blend,1.2658531984702488,0.8551531495011995,persistence,133493,16.008885227736098,18.226153787609384,11.842527006552098,12.169965039964387,16.262664462652726,15.893188492874252,12.531114535887365,12.659662039832119,11.842527006552098,True,True,wind_speed_mean
normal,gating_adaptive,1.1226039735514395,0.7833646473464774,persistence,510084,19.282447965369094,20.080612190798742,8.250371616710513,8.062116805933206,12.129818717694043,12.103227991599907,9.906311999574045,9.596974913024651,8.250371616710513,True,True,wind_speed_mean
normal,lgbm_season,1.1546895597182785,0.8156044268761306,persistence,510084,16.975427830040147,16.791488215340745,5.6280393636413955,4.278365401475537,9.618366469658683,8.48579061997743,7.331308830574914,5.876391392322712,5.6280393636413955,True,True,wind_speed_mean
normal,static_blend,1.0981846688507768,0.766092147988176,persistence,510084,21.038246576690266,21.842764183904603,10.246144110349787,10.08926601907703,14.041204015972408,14.041274268330032,11.866063853942507,11.590281859020449,10.246144110349787,True,True,wind_speed_mean
wet_spell,gating_adaptive,1.4315188756892248,0.942441829856981,persistence,56349,17.378702756320372,18.71148291754551,3.4016696423787107,-0.4603819544339724,11.832097984286843,9.56396875413109,5.719198474966461,1.6221183671014596,3.4016696423787107,True,False,wind_speed_mean
wet_spell,lgbm_season,1.5563592417960963,1.0344168544721755,persistence,56349,10.173437655530432,10.778353123501889,-5.022509131618812,-10.264537298974531,4.143122761227365,0.7381124132664707,-2.502872486946371,-7.9788010722974105,-5.022509131618812,False,False,wind_speed_mean
wet_spell,static_blend,1.3885464170450923,0.9090054687702611,persistence,56349,19.858893789232308,21.595472277170405,6.301434239884654,3.103795164537919,14.478791358334034,12.772497599296667,8.549393670625005,5.112411634032705,6.301434239884654,True,True,wind_speed_mean
