season,zone,blend,rmse,mae,best_expert,n,rmse_gain_vs_climatology_%,mae_gain_vs_climatology_%,rmse_gain_vs_persistence_%,mae_gain_vs_persistence_%,rmse_gain_vs_recent3_%,mae_gain_vs_recent3_%,rmse_gain_vs_anom_persistence_%,mae_gain_vs_anom_persistence_%,rmse_gain_vs_best_%,beats_every_expert_rmse,beats_every_expert_mae,target
monsoon,coastal_land,gating_adaptive,14.592155194445489,8.32863041762497,climatology,7644,3.1152812675780086,5.362130182655824,18.106731848512364,17.428974394816382,12.28286696719796,16.99501575085595,18.063468325579183,17.73908027390779,3.1152812675780086,True,True,tp_mm
monsoon,coastal_land,lgbm_season,15.003734861328784,8.772601348198535,climatology,7644,0.3825951269350757,0.3173075619532233,15.79688771811251,13.0273941543522,9.808757563033947,12.570302652607387,15.752403924004868,13.35403072202179,0.3825951269350757,True,True,tp_mm
monsoon,coastal_land,static_blend,14.199784765205578,8.362362888279556,climatology,7644,5.720427537561401,4.978829567026341,20.308770981750854,17.09454669680596,14.641504788763617,16.658830441270908,20.266670777521288,17.40590856120848,5.720427537561401,True,True,tp_mm
monsoon,inland,gating_adaptive,12.875848508175803,6.659987244144812,climatology,187152,2.0565633391998563,4.098572861595578,26.08281470943097,22.975015271348344,15.457264266075686,19.016311151603677,26.078057360552805,23.20585257406764,2.0565633391998563,True,True,tp_mm
monsoon,inland,lgbm_season,12.813937079165942,6.907578557964807,climatology,187152,2.527508467356387,0.5333467625088084,26.438233505079268,20.111538741014435,15.863774297501323,16.005666058012544,26.433499031141512,20.350957638407078,2.527508467356387,True,True,tp_mm
monsoon,inland,static_blend,13.104993838783427,6.940995634193798,climatology,187152,0.3135107426866975,0.05215285272007996,24.76734584147734,19.725059053913363,13.952697548167967,15.599323222156366,24.76250382833175,19.96563619793001,0.3135107426866975,True,True,tp_mm
monsoon,ocean,gating_adaptive,10.675513389730018,6.117274084352263,climatology,107520,6.9667384839185855,16.93044878691999,22.754282511265927,15.944238968627982,17.779006754578226,16.983601383898733,22.58403274903478,16.13677976130592,6.9667384839185855,True,True,tp_mm
monsoon,ocean,lgbm_season,10.804563515010944,6.3697982288623,climatology,107520,5.8421130335403975,13.501296019582945,21.820503576669115,12.474374965005381,16.785084580376147,13.556642782442678,21.648195763237716,12.674863938242803,5.8421130335403975,True,True,tp_mm
monsoon,ocean,static_blend,10.854658991676214,6.636391167920054,climatology,107520,5.405548962920966,9.881095992784815,21.458023488201277,8.811195570214142,16.399257716772215,9.938759164367081,21.28491676771223,9.020075538378508,5.405548962920966,True,True,tp_mm
post_monsoon,coastal_land,gating_adaptive,13.019207974760363,4.416759151248998,climatology,5733,8.60893281487503,31.30804182591984,25.52108191901696,19.447125802489982,17.383994665280504,20.789996410225232,25.959745118170833,20.752771311172957,8.60893281487503,True,True,tp_mm
post_monsoon,coastal_land,lgbm_season,13.329255591364559,5.1966757409519895,climatology,5733,6.432488394093474,19.17833406406483,23.747394066189415,5.223003367122366,15.416525092857393,6.802999665648588,24.19650386698398,6.759201314283923,6.432488394093474,True,True,tp_mm
post_monsoon,coastal_land,static_blend,13.724870730921781,5.574894297558182,climatology,5733,3.6553847585405457,13.296063290095503,21.484200511880953,-1.674948449165133,12.906069576399078,0.020041346985446525,21.946639987037297,-0.02694468628600634,3.6553847585405457,True,False,tp_mm
post_monsoon,inland,gating_adaptive,4.109019203723119,1.3558187670294304,climatology,140364,14.159074246495546,35.062668617213106,32.02222129165221,7.543774169666257,26.354760386437906,20.29784752211167,32.22777281505018,11.200496223718412,14.159074246495546,True,True,tp_mm
post_monsoon,inland,lgbm_season,4.393551381728246,1.924503290902801,climatology,140364,8.214953677652666,7.8253591205037605,27.3150480045789,-31.236058389113243,21.25513943359112,-13.132417448240997,27.534833100453646,-26.045561105793468,8.214953677652666,True,False,tp_mm
post_monsoon,inland,static_blend,4.484284596424664,1.726089073867493,climatology,140364,6.319459215354981,17.32846534384336,25.81399822010928,-17.705762080884686,19.628943739209358,-1.4685870274708455,26.038322197303135,-13.050399478478173,6.319459215354981,True,False,tp_mm
post_monsoon,ocean,gating_adaptive,8.427107695708031,3.877280314775536,recent3,80640,21.37557386025081,45.41250227448217,23.42570164585037,2.2331314524057473,17.95166442099425,7.74659009537692,24.23102868494555,4.197755543800765,17.95166442099425,True,True,tp_mm
post_monsoon,ocean,lgbm_season,8.785940353827865,4.745997887768364,recent3,80640,18.02768596755878,33.18199153241615,20.165109754272304,-19.671861188986956,14.457983859024269,-12.923093767110656,21.004728231489423,-17.267056524106955,14.457983859024269,True,False,tp_mm
post_monsoon,ocean,static_blend,9.11807452084515,5.137124371937843,recent3,80640,14.928893448692838,27.67539558586352,17.14711808771965,-29.534241119980916,11.224246190456576,-22.229295263849735,18.018476591878944,-26.931252044586746,11.224246190456576,True,False,tp_mm
pre_monsoon,coastal_land,gating_adaptive,4.81313360047377,1.6419165333315047,climatology,5733,3.4755295653673404,17.973763035029478,9.725561328628139,-1.750840468617372,6.660971827711765,1.5152176927568821,9.906166470387852,1.389408972381401,3.4755295653673404,True,False,tp_mm
pre_monsoon,coastal_land,lgbm_season,5.099261508767796,2.0600023197269106,climatology,5733,-2.262591816081841,-2.9128064649267196,4.3589876048249065,-27.659940773124994,1.1122164616639196,-23.56223711267007,4.550329238801201,-23.720080858411215,-2.262591816081841,False,False,tp_mm
pre_monsoon,coastal_land,static_blend,4.819841716958223,1.6919386304257027,climatology,5733,3.3410023643746416,15.47477827762036,9.599744864668661,-4.8507486052448,6.530884212137639,-1.4851877741872908,9.78060171777262,-1.6148293422734592,3.3410023643746416,True,False,tp_mm
pre_monsoon,inland,gating_adaptive,4.379613690468982,1.6426043150992313,climatology,140364,4.830225640845025,15.573588950035793,17.671624606899844,6.4817908631193895,11.254136627031583,6.839147317322035,17.996020151330146,9.183178231166432,4.830225640845025,True,True,tp_mm
pre_monsoon,inland,lgbm_season,4.494903639240523,1.7910705215319893,climatology,140364,2.3249548142550456,7.942737833853473,15.50439369286499,-1.9708191874631136,8.917970297060135,-1.5811631973271751,15.837328699526969,0.9747321164464066,2.3249548142550456,True,False,tp_mm
pre_monsoon,inland,static_blend,4.418182585791583,1.7232885560798397,climatology,140364,3.9921167745032737,11.426588463268113,16.946603014350153,1.8882039275954947,10.472599679561837,2.2631136257545954,17.27385533535495,4.722282648868595,3.9921167745032737,True,True,tp_mm
pre_monsoon,ocean,gating_adaptive,5.311689325294894,2.2823295196005913,recent3,80640,11.571708266773975,24.54373168491817,6.129578880392407,-5.065160510868734,6.05631589285755,-2.2786520620314157,6.249116048977089,-3.323056692319789,6.05631589285755,True,False,tp_mm
pre_monsoon,ocean,lgbm_season,6.1953200957438606,3.16643698562274,recent3,80640,-3.13885832860545,-4.685811903164971,-9.486317957038462,-45.764319869211555,-9.571768673590627,-41.89839983559045,-9.346895077165893,-43.347376164775156,-9.571768673590627,False,False,tp_mm
pre_monsoon,ocean,static_blend,5.318339314084771,2.407635213356034,recent3,80640,11.461000144984249,20.40099069672256,6.012057464903417,-10.833504965198578,5.938702755504574,-7.89401011744807,6.131744288481525,-8.995755217478335,5.938702755504574,True,False,tp_mm
winter,coastal_land,gating_adaptive,1.3125422537468394,0.36914509403487383,climatology,3822,6.365251324218006,21.074242643909653,35.24248680604816,17.0437867888067,36.78728830333448,29.92729912284003,35.23863767690477,17.536533393841037,6.365251324218006,True,True,tp_mm
winter,coastal_land,lgbm_season,1.453736613347816,0.6060897401333609,climatology,3822,-3.707337453731853,-29.586150645855074,28.276314419086376,-36.203651409951796,29.987295144125035,-15.050547200468458,28.2720512268354,-35.39462355986571,-3.707337453731853,False,False,tp_mm
winter,coastal_land,static_blend,1.3129757081786944,0.42781014237977866,climatology,3822,6.3343293507171285,8.531252243187042,35.22110126130879,3.860270775222272,36.76641291440413,18.791248688892534,35.21725086102759,4.43132535149406,6.3343293507171285,True,True,tp_mm
winter,inland,gating_adaptive,2.570550750543068,0.7336643975351917,climatology,93576,-3.297047643200162,1.4987951864564146,20.788740889059284,13.818359405486987,9.51453085327533,11.703988818753668,20.253214880713568,13.424904165799495,-3.297047643200162,False,True,tp_mm
winter,inland,lgbm_season,2.65535603313584,0.936426260319105,climatology,93576,-6.704930298125345,-25.723852991037912,18.175474758439826,-9.999547042507151,6.5293161945465075,-12.698263442151475,17.622281160973788,-10.501740988323968,-6.704930298125345,False,False,tp_mm
winter,inland,static_blend,2.523059295004694,0.7431801514466437,climatology,93576,-1.3886133730905599,0.22121755268245158,22.252185246036525,12.700568646745353,11.18626856704843,10.55877430843221,21.72655319119849,12.302010224664633,-1.3886133730905599,False,True,tp_mm
winter,ocean,gating_adaptive,4.831778441175171,1.4485896736840926,climatology,53760,4.8628825232161965,17.11921195523493,13.384376002339616,7.235455476376976,7.2373400641775065,9.140506142865412,13.46667495655907,7.369985362357213,4.8628825232161965,True,True,tp_mm
winter,ocean,lgbm_season,4.9985727304242795,1.6127070682249782,climatology,53760,1.57872368109643,7.729265831424183,10.394381403364578,-3.2742669312598234,4.035148133976098,-1.153384302461925,10.479521339583123,-3.124495535018913,1.57872368109643,True,False,tp_mm
winter,ocean,static_blend,4.8658639432217985,1.5998641080162372,climatology,53760,4.191743220794777,8.464073404793744,12.773351083671342,-2.4518315820770944,6.582951235387568,-0.34783882233585106,12.85623061111174,-2.3032529059031006,4.191743220794777,True,False,tp_mm
monsoon,coastal_land,gating_adaptive,0.8621674699136092,0.640181342885483,anom_persistence,7644,17.52445911604257,19.221668463386322,13.231169591631783,10.23881149187313,15.601278092041763,14.317151065517177,12.975263075953428,10.553786274691586,12.975263075953428,True,True,t2m_C_mean
monsoon,coastal_land,lgbm_season,0.8703226032931985,0.6515777306870913,anom_persistence,7644,16.744333374891788,17.783667805621427,12.410434166248452,8.640899704626822,14.802961224095863,12.791841111930065,12.152107063107813,8.961481609259462,12.152107063107813,True,True,t2m_C_mean
monsoon,coastal_land,static_blend,0.8763707302483296,0.6436174344729528,anom_persistence,7644,16.165765336353687,18.788101086693093,11.801748591379072,9.757029777767102,14.210902021257606,13.8572593181457,11.541626297455347,10.073695147500553,11.541626297455347,True,True,t2m_C_mean
monsoon,inland,gating_adaptive,1.5159929856497678,1.1167762770657057,persistence,187152,17.240525087762606,17.798238651791337,8.008015013605783,8.016629426264911,9.59880695171683,11.445550835005177,8.247521177880246,8.296944889991167,8.008015013605783,True,True,t2m_C_mean
monsoon,inland,lgbm_season,1.48936362901378,1.1113113062963937,persistence,187152,18.694246571507126,18.200494888944096,9.623911260516962,8.466752196394884,11.18675995202027,11.878894098215222,9.859210350533592,8.745695929858856,9.623911260516962,True,True,t2m_C_mean
monsoon,inland,static_blend,1.476374913891166,1.0944503412904723,persistence,187152,19.403312677687982,19.441568011628014,10.412079608169265,9.855506975861967,11.96129872255773,13.21587940060071,10.645326658785107,10.13021853738464,10.412079608169265,True,True,t2m_C_mean
monsoon,ocean,gating_adaptive,0.44977628705729106,0.34656523997407584,persistence,107520,14.122473409627647,19.147139150081326,12.378460662166018,8.772433403412448,13.83843270332696,11.682274889211664,12.89306979483015,9.670935358227435,12.378460662166018,True,True,t2m_C_mean
monsoon,ocean,lgbm_season,0.4494628248423324,0.34972749930357705,persistence,107520,14.182323963057911,18.409391436090612,12.439526668954914,7.940020944507651,13.898481213011252,10.876413487148364,12.95377715550273,8.846721344698757,12.439526668954914,True,True,t2m_C_mean
monsoon,ocean,static_blend,0.4538884974957367,0.3447454125842168,persistence,107520,13.337313161222115,19.571700628705525,11.57735527029413,9.251472860500174,13.050675530203508,12.146034656863712,12.096669366532279,10.145256747030713,11.57735527029413,True,True,t2m_C_mean
post_monsoon,coastal_land,gating_adaptive,1.001204071341072,0.7427847691194801,persistence,5733,29.283492481163258,27.546009671128182,9.803300857673747,8.50096328822971,14.674212116625954,16.55766323769869,13.678474355858627,11.116742883998194,9.803300857673747,True,True,t2m_C_mean
post_monsoon,coastal_land,lgbm_season,1.0270236069570742,0.7643156485340141,persistence,5733,27.459820927294903,25.445807575274735,7.477264685216166,5.84870814260723,12.473789363383146,14.138945238101341,11.452373034865,8.540310557303805,7.477264685216166,True,True,t2m_C_mean
post_monsoon,coastal_land,static_blend,1.0295116356356697,0.7613096213900366,persistence,5733,27.2840878237316,25.739026648514837,7.253122594103641,6.219001933538663,12.261751664621858,14.476633811820664,11.237860891406504,8.900018368561927,7.253122594103641,True,True,t2m_C_mean
post_monsoon,inland,gating_adaptive,1.653806746562279,1.190598599001379,persistence,140364,35.97000651335379,37.71727191857819,11.202435517915248,8.706167631059309,20.7143336424595,22.69556195435933,12.442293941246374,10.33445174906825,11.202435517915248,True,True,t2m_C_mean
post_monsoon,inland,lgbm_season,1.6883337291388354,1.2119978510842977,persistence,140364,34.6332345633748,36.59783183210058,9.348584112310206,7.065295775408466,19.059064774686522,21.306128808499295,10.614327404153773,8.722845896529718,9.348584112310206,True,True,t2m_C_mean
post_monsoon,inland,static_blend,1.7399043829920953,1.240069730279311,persistence,140364,32.63658735100236,35.12933252418605,6.579609762412869,4.9127739803549,16.586699932936373,19.483448311583047,7.884015558028155,6.608715709776586,6.579609762412869,True,True,t2m_C_mean
post_monsoon,ocean,gating_adaptive,0.5485560736651711,0.4255070649157648,persistence,80640,18.673607650072274,17.98811447293978,12.91080492635332,11.426748088737684,14.35588874425853,14.513329794661157,13.411334209941767,11.692491735620916,12.91080492635332,True,True,t2m_C_mean
post_monsoon,ocean,lgbm_season,0.5450207983679546,0.43278602718359377,persistence,80640,19.197731253271918,16.58517320712752,13.47206802192204,9.911564413165523,14.907838718764319,13.050946915189611,13.96937154811438,10.181854019770862,13.47206802192204,True,True,t2m_C_mean
post_monsoon,ocean,static_blend,0.5793094274696244,0.4455563866211811,persistence,80640,14.11425731626535,14.123824518258735,8.028378211523641,7.253295357899176,9.55447685373331,10.485312650431213,8.556968353220606,7.531560488693814,8.028378211523641,True,True,t2m_C_mean
pre_monsoon,coastal_land,gating_adaptive,0.8639593881922782,0.625505611041849,persistence,5733,26.837036705923477,25.90515846475372,13.340258722738843,13.221847201435413,23.096622525014105,23.99468718021903,17.760941676670072,17.63585052491652,13.340258722738843,True,True,t2m_C_mean
pre_monsoon,coastal_land,lgbm_season,0.9099119195170086,0.6682470612406012,persistence,5733,22.94562304860361,20.842180733525527,8.730974385926817,7.292205595180648,19.006262595259674,18.801164955348206,13.386785952028431,12.007822365283696,8.730974385926817,True,True,t2m_C_mean
pre_monsoon,coastal_land,static_blend,0.8903469663859029,0.6404118399885798,persistence,5733,24.602448551451015,24.139427427015313,10.693443686701421,11.153864132450208,20.747792343631325,22.18342829770879,15.24914585416323,15.673056191171995,10.693443686701421,True,True,t2m_C_mean
pre_monsoon,inland,gating_adaptive,2.087938654815522,1.5038121243911893,persistence,140364,23.611631447567106,28.288196684960273,-7.159625618999399,-3.5922534069198933,3.049714461138977,8.949851648463381,-1.8132492931729216,0.6713803412422732,-7.159625618999399,False,False,t2m_C_mean
pre_monsoon,inland,lgbm_season,2.2062633700963454,1.6205156374627891,persistence,140364,19.28265753883327,22.7229939313564,-13.232424818211516,-11.631542160816174,-2.444515413059036,1.8838944015656083,-7.5830661920772515,-7.0370286246867435,-13.232424818211516,False,False,t2m_C_mean
pre_monsoon,inland,static_blend,1.959535532790707,1.441900309513959,persistence,140364,28.309329335334414,31.240565414631554,-0.5695706608446972,0.6726306910460342,9.011919967357235,12.698378367894392,4.4480165934387115,4.760731007179653,-0.5695706608446972,False,True,t2m_C_mean
pre_monsoon,ocean,gating_adaptive,0.5078001793297489,0.392299225292952,persistence,80640,13.348749403234944,15.472685765712246,13.211017673384656,9.540342064125673,15.948577460760017,14.896816401270055,15.161336936121426,11.376917323959201,13.211017673384656,True,True,t2m_C_mean
pre_monsoon,ocean,lgbm_season,0.542183598138412,0.4249620195106092,persistence,80640,7.481547379999163,8.434950046137308,7.334489761849793,2.0086800019518165,10.257411170812842,7.811133856072453,9.416866173738798,3.9981683340260226,7.334489761849793,True,True,t2m_C_mean
pre_monsoon,ocean,static_blend,0.4982416716097844,0.38662516630794264,persistence,80640,14.979817452220235,16.695255008492722,14.8446782968838,10.848714351908379,17.530707999342628,16.127714788058057,16.75828598981791,12.65872612223483,14.8446782968838,True,True,t2m_C_mean
winter,coastal_land,gating_adaptive,1.0084154029480894,0.6289091596798021,persistence,3822,20.076186786864515,24.149421822147865,7.917913093043715,7.798157045727656,12.99628306407001,12.4871702380227,7.94999695496489,7.354157985680153,7.917913093043715,True,True,t2m_C_mean
winter,coastal_land,lgbm_season,1.269592171788802,0.8832599169630816,persistence,3822,-0.6238572896239941,-6.5269512326408305,-15.931089863634185,-29.49118469366305,-9.537436274237152,-22.905786247607747,-15.89069637121351,-30.114751017786723,-15.931089863634185,False,False,t2m_C_mean
winter,coastal_land,static_blend,1.0075115684231668,0.6271417338083328,persistence,3822,20.147821850682767,24.3625849986958,8.000445518698973,8.057272245635852,13.07426378801908,12.733107885815194,8.032500624115624,7.614520957883535,8.000445518698973,True,True,t2m_C_mean
winter,inland,gating_adaptive,1.8674249016188835,1.2703049925102012,climatology,93576,10.770835868482717,13.913375119656461,18.020041366622277,15.365249680614252,22.697106443607307,21.049580528662876,18.210104667974008,15.878568455304086,10.770835868482717,True,True,t2m_C_mean
winter,inland,lgbm_season,2.1134182499630234,1.4469266952274782,climatology,93576,-0.9832008457285742,1.9439926822118796,7.220932656089304,3.597734163791259,12.514101169262634,10.072407645388676,7.436032738227415,4.182424173386898,-0.9832008457285742,False,True,t2m_C_mean
winter,inland,static_blend,1.9253674970351937,1.2771793973008758,climatology,93576,8.002226886067419,13.447507229677521,15.476361258671627,14.907238780489054,20.298546650404827,20.62233105311209,15.67232185793567,15.423335440068481,8.002226886067419,True,True,t2m_C_mean
winter,ocean,gating_adaptive,0.46887624905633746,0.35718087448428076,persistence,53760,16.01386125402452,15.949035322330012,9.30367261641694,8.78115227947375,12.261062286659756,13.0161089297986,9.54924721447686,8.654734556716848,9.30367261641694,True,True,t2m_C_mean
winter,ocean,lgbm_season,0.6807539818440144,0.5662869999743231,persistence,53760,-21.938141430910864,-33.25732712029697,-31.68055777886915,-44.62153857301441,-27.38677066993787,-37.907290784701466,-31.324011918835733,-44.82196563414123,-31.68055777886915,False,False,t2m_C_mean
winter,ocean,static_blend,0.46516731730515704,0.35371393162224973,persistence,53760,16.678213217428333,16.76486817580183,10.021103898179321,9.666559521516021,12.955099855324805,13.860409959894184,10.264735937993093,9.54136886060049,10.021103898179321,True,True,t2m_C_mean
monsoon,coastal_land,gating_adaptive,1.0111604305471973,0.752601179627147,persistence,7644,18.52377558091525,18.755367745375356,14.805390995413765,13.16870737706051,19.65451354551462,18.61466059952506,15.372995511680886,13.671954951477252,14.805390995413765,True,True,wind_speed_mean
monsoon,coastal_land,lgbm_season,1.006297368709661,0.747009167444635,persistence,7644,18.915626276085916,19.359035379216497,15.215124841100172,13.813885273820256,20.04092608420905,19.219373722125802,15.779999527581154,14.313393594774288,15.215124841100172,True,True,wind_speed_mean
monsoon,coastal_land,static_blend,1.017007379840201,0.7540034798506603,persistence,7644,18.05264623450087,18.603986948940307,14.312760406005188,13.006917116363047,19.189922595325964,18.463017627495,14.883647047170426,13.511102377572195,14.312760406005188,True,True,wind_speed_mean
monsoon,inland,gating_adaptive,0.8133046557618738,0.5757573112150174,climatology,187152,11.949185298205338,11.250197382081522,19.605716197725634,17.447098534004194,16.813479180950996,15.873100993314441,20.24565328621502,18.01801318430144,11.949185298205338,True,True,wind_speed_mean
monsoon,inland,lgbm_season,0.8156984019101844,0.5831141000312142,climatology,187152,11.6900311214097,10.116189107030111,19.36909698519007,16.392271699121274,16.568641760691275,14.798162268788936,20.010917558459585,16.970481260716213,11.6900311214097,True,True,wind_speed_mean
monsoon,inland,static_blend,0.8456037741083607,0.5904417163560642,climatology,187152,8.452385342112951,8.986677610045557,16.41298335337931,15.341627657503436,13.509857024441857,13.727486088890313,17.078334539290854,15.927103203272827,8.452385342112951,True,True,wind_speed_mean
monsoon,ocean,gating_adaptive,1.8407551395318034,1.4330041293925162,persistence,107520,22.074745093439773,25.67062507634607,6.123468924549809,2.604013204579664,17.542610372370653,15.763900806622107,7.213569089486023,3.7051368501230137,6.123468924549809,True,True,wind_speed_mean
monsoon,ocean,lgbm_season,1.9136411082352076,1.4918866667768116,persistence,107520,18.989240906408703,22.61641043179459,2.4063629613472535,-1.398014923554792,14.277653186760165,12.302616112373556,3.539626393791891,-0.25164580181667145,2.4063629613472535,True,False,wind_speed_mean
monsoon,ocean,static_blend,1.7669778374815603,1.3337424939514937,persistence,107520,25.19798236987936,30.819288059863464,9.886031929178515,9.350459175258068,20.847495204787595,21.59878487820638,10.932440976591094,10.375309953447053,9.886031929178515,True,True,wind_speed_mean
post_monsoon,coastal_land,gating_adaptive,0.9496705551216286,0.6606957785604555,persistence,5733,22.396246087096973,27.58086428372393,7.739021074101731,0.20936267101636394,12.639456691021273,7.507058840882454,8.838402071154865,1.5461683305619285,7.739021074101731,True,True,wind_speed_mean
post_monsoon,coastal_land,lgbm_season,1.0185069818389556,0.7242170692755131,persistence,5733,16.771174223590727,20.618269512512054,1.0515271000592696,-9.384811062356796,6.307168504299296,-1.3854923076359282,2.2305962153023775,-7.919480862947294,1.0515271000592696,True,False,wind_speed_mean
post_monsoon,coastal_land,static_blend,0.9397684629626187,0.6496048704109412,persistence,5733,23.20541040095976,28.796543282379638,8.70101437912497,1.8845191177681697,13.550353787115702,9.059710981492941,9.788932272587102,3.198884208954005,8.70101437912497,True,True,wind_speed_mean
post_monsoon,inland,gating_adaptive,0.713961287123531,0.4517901682755033,climatology,140364,14.528583080325753,15.191071808217812,16.818589231626135,14.112093528355144,16.21711078225699,15.83046725393651,17.106260981152253,14.141802942244675,14.528583080325753,True,True,wind_speed_mean
post_monsoon,inland,lgbm_season,0.7367078245923975,0.48804255018298554,climatology,140364,11.805495957054191,8.385864723459228,14.16846084108132,7.22030746198489,13.547819515051996,9.076566305335287,14.465297704104968,7.252400807828233,11.805495957054191,True,True,wind_speed_mean
post_monsoon,inland,static_blend,0.7062924044908342,0.44444252576192034,climatology,140364,15.446658439072577,16.57035301013486,17.71206691439359,15.508922581547075,17.117049134135645,17.199349714380528,17.996648691222802,15.538148819467144,15.446658439072577,True,True,wind_speed_mean
post_monsoon,ocean,gating_adaptive,1.854161234434803,1.4371673734267316,persistence,80640,23.717215807501557,28.140796673458713,-6.1633291344118,-10.117716474497412,0.9478229861571715,-0.5594100014691957,-2.358111571506199,-5.7600060102484125,-6.1633291344118,False,False,wind_speed_mean
post_monsoon,ocean,lgbm_season,1.9111510384497123,1.4775066062108686,persistence,80640,21.372575632685642,26.123811606673964,-9.426382642692435,-13.208563289319574,-2.096660983431232,-3.381968823558642,-5.5042072882438635,-8.728538124588562,-9.426382642692435,False,False,wind_speed_mean
post_monsoon,ocean,static_blend,1.7422735985936921,1.3479243942551196,persistence,80640,28.320429497964696,32.60299746115709,0.24299826002965946,-3.279798178086784,6.925034517263531,5.684971479911704,3.818593506888747,0.8073139749372533,0.24299826002965946,True,False,wind_speed_mean
pre_monsoon,coastal_land,gating_adaptive,0.6153246195648305,0.4634064271274129,persistence,5733,18.76518080524011,20.568781124777143,13.551577287940448,10.26543846359572,15.103038962277525,12.824672987916914,14.43966252002876,10.823554946056776,13.551577287940448,True,True,wind_speed_mean
pre_monsoon,coastal_land,lgbm_season,0.6429111955829474,0.4888857404844839,persistence,5733,15.123216151495075,16.20144222401684,9.675873457856222,5.331594480208802,11.296891125984942,8.031542500464065,10.603773821643474,5.920397685843988,9.675873457856222,True,True,wind_speed_mean
pre_monsoon,coastal_land,static_blend,0.6043484066571468,0.451398755906037,persistence,5733,20.214254420447425,22.626982964745547,15.093651606195529,12.59061793683425,16.617438175207425,15.083538217442992,15.965895098367008,13.134272644852155,15.093651606195529,True,True,wind_speed_mean
pre_monsoon,inland,gating_adaptive,0.7196911285484356,0.507917946899472,climatology,140364,10.598869393300074,12.210750931510677,19.607806674130217,17.19932187754401,14.686975711446031,13.416414446298596,20.08687695227471,17.79974322474819,10.598869393300074,True,True,wind_speed_mean
pre_monsoon,inland,lgbm_season,0.7165536434372334,0.5154902344462319,climatology,140364,10.988612583227823,10.901946150111028,19.95827550667723,15.964889135725494,15.058896849388697,12.12558428240231,20.435257283511543,16.574261856115044,10.988612583227823,True,True,wind_speed_mean
pre_monsoon,inland,static_blend,0.7260524639164118,0.5105316117500905,climatology,140364,9.808654603224086,11.759001439386667,18.897221698955533,16.77324277689968,13.932895610652821,12.970869106576584,19.38052646962497,17.376753796717963,9.808654603224086,True,True,wind_speed_mean
pre_monsoon,ocean,gating_adaptive,1.1721671126378175,0.9291928971071712,persistence,80640,15.514619405837374,17.41986223385463,12.997676643349394,10.957182735117462,16.76092053042049,16.155436451426485,14.179602480551697,12.152003605769124,12.997676643349394,True,True,wind_speed_mean
pre_monsoon,ocean,lgbm_season,1.2920423385269575,1.024394520164005,persistence,80640,6.874465648013489,8.95901070122909,4.100120098030216,1.8341892731989118,8.248223538124758,7.565036590249548,5.402919166695221,3.1514270139131324,4.100120098030216,True,True,wind_speed_mean
pre_monsoon,ocean,static_blend,1.143964344738463,0.9014398172102307,persistence,80640,17.547368451682694,19.886361029163275,15.090984249301956,13.61670846921908,18.763683117022623,18.659701043129758,16.244472520135538,14.775842498969396,15.090984249301956,True,True,wind_speed_mean
winter,coastal_land,gating_adaptive,0.6584144096692529,0.48665375984943954,climatology,3822,8.697541124286085,10.289822208453845,17.021820493343082,13.518751124662447,18.800595569372646,15.284760561736014,17.685581368911663,14.15858851278925,8.697541124286085,True,True,wind_speed_mean
winter,coastal_land,lgbm_season,0.6820334052607595,0.5059275295361151,climatology,3822,5.422290245796837,6.73687872387066,14.045182638555717,10.093688358158795,15.887766890177492,11.929640045684062,14.732754301014195,10.758866305576655,5.422290245796837,True,True,wind_speed_mean
winter,coastal_land,static_blend,0.6679110145623013,0.490271484723957,climatology,3822,7.3806450099649945,9.622927655344325,15.824989175639974,12.875860036484196,17.629420318490954,14.654997772969466,16.4983237705655,13.520453897951283,7.3806450099649945,True,True,wind_speed_mean
winter,inland,gating_adaptive,0.6534210438009722,0.4572190006570173,climatology,93576,7.0933322856216225,8.709538314085377,19.65949665111975,17.313094666248066,16.982694795263825,13.642206950140334,19.61229088082961,17.283044151421333,7.0933322856216225,True,True,wind_speed_mean
winter,inland,lgbm_season,0.6802287735105884,0.47981341182209897,climatology,93576,3.281675376287667,4.198233613673356,16.363388392985176,13.226952282851252,13.576766106154823,9.374660149430591,16.314245924232882,13.195416760431348,3.281675376287667,True,True,wind_speed_mean
winter,inland,static_blend,0.6624903131522797,0.46393097256127713,climatology,93576,5.803818270075519,7.369394940598559,18.544396867292537,16.099251443081886,15.830441881366577,12.374475119591692,18.496535896424216,16.068759786896337,5.803818270075519,True,True,wind_speed_mean
winter,ocean,gating_adaptive,1.2405022475853158,0.9309639161485913,climatology,53760,7.41157160143324,8.34814697658828,14.776163573217778,15.41964488382431,17.94886437736342,18.96979678483752,15.812808825895457,16.4487239003891,7.41157160143324,True,True,wind_speed_mean
winter,ocean,lgbm_season,1.257854327978786,0.9472185167181256,climatology,53760,6.1164495198696684,6.747908517812783,13.58405701799304,13.942874555141271,16.801137394626462,17.555011996207284,14.63520281010867,14.989921258829698,6.1164495198696684,True,True,wind_speed_mean
winter,ocean,static_blend,1.2431950624043773,0.9314349947774428,climatology,53760,7.210585676135168,8.301770067123746,14.59116430367673,15.376846234999404,17.77075223419275,18.928794554392244,15.630059849494916,16.406445977581278,7.210585676135168,True,True,wind_speed_mean
