season,feature,gain_share
winter,latitude,0.0015074349833181355
winter,longitude,0.001374172668304139
winter,is_ocean,0.00018563220855153314
winter,elev_proxy_m,0.0012434401222659063
winter,coastal,0.0
winter,region_id,0.05903834643255495
winter,season_id,0.0
winter,lead_days,0.005567454483105784
winter,lead_bucket_id,0.0024410432182181813
winter,regime_id,0.0002531194510997743
winter,mae7_climatology,0.0013039661687788715
winter,mae7_persistence,0.000488332619512593
winter,mae7_recent3,0.0021925257126642686
winter,mae7_anom_persistence,0.0009476197913985202
winter,rmse30_climatology,0.012058506169685537
winter,rmse30_persistence,0.0016030567149112524
winter,rmse30_recent3,0.01227359801012279
winter,rmse30_anom_persistence,0.0022729193564709495
winter,regmae_climatology,0.0011415077483843696
winter,regmae_persistence,0.003098656407698819
winter,regmae_recent3,0.0009335349919540399
winter,regmae_anom_persistence,0.002832350658647781
winter,now_tp_mm,0.0017944118707169153
winter,now_t2m_C_mean,0.00396424920669459
winter,now_t2m_C_max,0.0026081906667847466
winter,now_wind_speed_mean,0.11716267583993702
winter,now_wind_speed_max,0.00786891724815896
winter,now_msl_hPa_mean,0.003118973175908069
winter,now_msl_hPa_min,0.0020591003254761915
winter,now_tcc_mean,0.0010626619472112716
winter,now_cape_max,0.0018342536246480634
winter,now_rh_pct_mean,0.002062833263669769
winter,now_blh_mean,0.0012376970431288942
winter,now_ssrd_MJ,0.005883525980308975
winter,now_msl_anom,0.003612425043574716
winter,now_tp3,0.0017187536802929552
winter,now_tp7,0.0025589131303844193
winter,now_target_tendency,0.006838225682743937
winter,now_anomaly,0.007505387813176874
winter,expert_spread,0.000945119994861935
winter,expert_range,0.002414084144705245
winter,exp_climatology,0.4935272112586363
winter,exp_persistence,0.03872198264959194
winter,exp_recent3,0.02985476804511647
winter,exp_anom_persistence,0.14888842044662357
pre_monsoon,latitude,0.003702992993099011
pre_monsoon,longitude,0.004003995072000845
pre_monsoon,is_ocean,0.0008833707312951905
pre_monsoon,elev_proxy_m,0.001151931342988158
pre_monsoon,coastal,0.0
pre_monsoon,region_id,0.08182058204054535
pre_monsoon,season_id,0.0
pre_monsoon,lead_days,0.006172433630948368
pre_monsoon,lead_bucket_id,0.0014259498921396299
pre_monsoon,regime_id,0.000591441055535222
pre_monsoon,mae7_climatology,0.008919948784399815
pre_monsoon,mae7_persistence,0.002285848104148422
pre_monsoon,mae7_recent3,0.004723214404846384
pre_monsoon,mae7_anom_persistence,0.0010393471173983774
pre_monsoon,rmse30_climatology,0.012703258754703134
pre_monsoon,rmse30_persistence,0.013338514364510478
pre_monsoon,rmse30_recent3,0.0033514826984111738
pre_monsoon,rmse30_anom_persistence,0.0008554074947990987
pre_monsoon,regmae_climatology,0.008279630443925403
pre_monsoon,regmae_persistence,0.004062779680274772
pre_monsoon,regmae_recent3,0.004218226093352145
pre_monsoon,regmae_anom_persistence,0.005289231055113455
pre_monsoon,now_tp_mm,0.006131651037070067
pre_monsoon,now_t2m_C_mean,0.003849555572478696
pre_monsoon,now_t2m_C_max,0.004853981407408765
pre_monsoon,now_wind_speed_mean,0.1681330707072876
pre_monsoon,now_wind_speed_max,0.014093972467903159
pre_monsoon,now_msl_hPa_mean,0.00641500529920916
pre_monsoon,now_msl_hPa_min,0.004337103087303333
pre_monsoon,now_tcc_mean,0.007506879729700675
pre_monsoon,now_cape_max,0.005126213204800473
pre_monsoon,now_rh_pct_mean,0.0036010857740118294
pre_monsoon,now_blh_mean,0.0026871849379430717
pre_monsoon,now_ssrd_MJ,0.005536378807013714
pre_monsoon,now_msl_anom,0.009600757360426445
pre_monsoon,now_tp3,0.00689828037580766
pre_monsoon,now_tp7,0.004622871151741829
pre_monsoon,now_target_tendency,0.006300736076914501
pre_monsoon,now_anomaly,0.005952713931326179
pre_monsoon,expert_spread,0.0011838156977208145
pre_monsoon,expert_range,0.0010199548958174346
pre_monsoon,exp_climatology,0.4397730446197548
pre_monsoon,exp_persistence,0.052025125771346624
pre_monsoon,exp_recent3,0.026047910688558853
pre_monsoon,exp_anom_persistence,0.045483121644019846
monsoon,latitude,0.0017809406848415263
monsoon,longitude,0.0022927274029306654
monsoon,is_ocean,0.08816810113012302
monsoon,elev_proxy_m,0.003657462476330902
monsoon,coastal,6.0437530866827274e-05
monsoon,region_id,0.025479842541540676
monsoon,season_id,0.0
monsoon,lead_days,0.0030096209006518957
monsoon,lead_bucket_id,0.0009883022585268804
monsoon,regime_id,0.0001939561081318631
monsoon,mae7_climatology,0.0034053045653542513
monsoon,mae7_persistence,0.0008621674121795861
monsoon,mae7_recent3,0.0010446902031399751
monsoon,mae7_anom_persistence,0.0006616594960753339
monsoon,rmse30_climatology,0.010334026455727473
monsoon,rmse30_persistence,0.0008184339294648026
monsoon,rmse30_recent3,0.004387285175310829
monsoon,rmse30_anom_persistence,0.0009252151990102687
monsoon,regmae_climatology,0.001808489422073826
monsoon,regmae_persistence,0.0013532782429788708
monsoon,regmae_recent3,0.0002176513664957187
monsoon,regmae_anom_persistence,0.001715243383010483
monsoon,now_tp_mm,0.001292376361079919
monsoon,now_t2m_C_mean,0.00035559338819321414
monsoon,now_t2m_C_max,0.0007719996089761793
monsoon,now_wind_speed_mean,0.49199944552165076
monsoon,now_wind_speed_max,0.00572080444137425
monsoon,now_msl_hPa_mean,0.004349643701383693
monsoon,now_msl_hPa_min,0.0013194344528425087
monsoon,now_tcc_mean,0.0005955535860454909
monsoon,now_cape_max,0.0019895901798585264
monsoon,now_rh_pct_mean,0.0001877664923171869
monsoon,now_blh_mean,0.0044765021479105695
monsoon,now_ssrd_MJ,0.000372433506035535
monsoon,now_msl_anom,0.007070253593709678
monsoon,now_tp3,0.00048189619610865606
monsoon,now_tp7,0.0005673275973689175
monsoon,now_target_tendency,0.00368345591165306
monsoon,now_anomaly,0.001983964245225046
monsoon,expert_spread,0.0005477423263108709
monsoon,expert_range,0.0003115698994732615
monsoon,exp_climatology,0.02469153886193961
monsoon,exp_persistence,0.25876869652533785
monsoon,exp_recent3,0.02880189520673952
monsoon,exp_anom_persistence,0.006495680363700022
post_monsoon,latitude,0.0013779651207924447
post_monsoon,longitude,0.0047184984017793865
post_monsoon,is_ocean,0.3274201159440429
post_monsoon,elev_proxy_m,0.09953763132593925
post_monsoon,coastal,7.708504527161694e-05
post_monsoon,region_id,0.04909587279622532
post_monsoon,season_id,0.0
post_monsoon,lead_days,0.00546774403378306
post_monsoon,lead_bucket_id,0.0031016022980984085
post_monsoon,regime_id,0.001654496429412611
post_monsoon,mae7_climatology,0.001530011452729114
post_monsoon,mae7_persistence,0.0040376304469663836
post_monsoon,mae7_recent3,0.0013898466248938625
post_monsoon,mae7_anom_persistence,0.002722013642678266
post_monsoon,rmse30_climatology,0.059774386243255005
post_monsoon,rmse30_persistence,0.0030452085614390252
post_monsoon,rmse30_recent3,0.0066092340546590345
post_monsoon,rmse30_anom_persistence,0.00031548514927493416
post_monsoon,regmae_climatology,0.001949550256811797
post_monsoon,regmae_persistence,0.007071892779429212
post_monsoon,regmae_recent3,0.006359791996507265
post_monsoon,regmae_anom_persistence,0.003985189419333506
post_monsoon,now_tp_mm,0.0014414834477847372
post_monsoon,now_t2m_C_mean,0.0007445286155887362
post_monsoon,now_t2m_C_max,0.0007998702906634887
post_monsoon,now_wind_speed_mean,0.12078245528003058
post_monsoon,now_wind_speed_max,0.009670585025349452
post_monsoon,now_msl_hPa_mean,0.01407354348433572
post_monsoon,now_msl_hPa_min,0.010444591501114715
post_monsoon,now_tcc_mean,0.00687208196329263
post_monsoon,now_cape_max,0.0040282267932812595
post_monsoon,now_rh_pct_mean,0.0007640869776730749
post_monsoon,now_blh_mean,0.0015622607531290136
post_monsoon,now_ssrd_MJ,0.005115630603945515
post_monsoon,now_msl_anom,0.019167106075871056
post_monsoon,now_tp3,0.0011262237882227568
post_monsoon,now_tp7,0.006051391189342767
post_monsoon,now_target_tendency,0.014855405047281426
post_monsoon,now_anomaly,0.004141658745648228
post_monsoon,expert_spread,0.002615424517661617
post_monsoon,expert_range,0.002277109323642367
post_monsoon,exp_climatology,0.10682935486332415
post_monsoon,exp_persistence,0.051744660994256314
post_monsoon,exp_recent3,0.008897121540057059
post_monsoon,exp_anom_persistence,0.014753947155180898
