season,n,crps_model,crps_clim_quantiles,crpss_vs_clim_quantiles_%,crps_persistence_resid,crpss_vs_persistence_resid_%,pinball_q05,pinball_q10,pinball_q25,pinball_q50,pinball_q75,pinball_q90,pinball_q95,cov80_raw,cov80_cqr,cov90_raw,cov90_cqr,width80_raw,width80_cqr,cov80_clim,width80_clim,target
winter,151158,0.6422380382563807,0.737098380794413,12.869427610978594,1.0073444152456859,36.24444345584203,0.04753827210667379,0.09496903171368731,0.23391342578789018,0.43776783331695096,0.553077445521145,0.4863170622436493,0.3942500632073358,0.8548141679567075,0.8548141679567075,0.9367416875057887,0.9367416875057887,1.92271089553833,1.92271089553833,0.8508315802008495,1.5838561835769958,tp_mm
pre_monsoon,226737,1.090587405902195,1.362034011628459,19.929502744334577,1.5299002982021932,28.71513214398617,0.09471818309765986,0.18765256406860079,0.45273394554439794,0.802338131110909,0.931782497507335,0.7688200495774323,0.5790105497513476,0.8406523858038167,0.8529353391815186,0.9409006911090824,0.9409006911090824,5.034103870391846,5.034181594848633,0.8374680797576046,4.800387666304272,tp_mm
monsoon,302316,3.881360912034331,4.205728025344631,7.712508068890646,5.645484209441018,31.24839662923014,0.39116871399661984,0.7607088498240476,1.778940414539095,3.0371659197919403,3.3509638555751895,2.4986161716550255,1.7671992667382397,0.7720067743685415,0.7942384789425634,0.8872768890829463,0.8975872927665092,16.7082462310791,16.75688362121582,0.7518755209780494,15.711094956160851,tp_mm
post_monsoon,226737,1.2526309261329354,1.5220764711910992,17.702497223895037,2.0431938114310197,38.692505863865506,0.0869712018982074,0.17735878825066612,0.44298472261675614,0.8489180109316593,1.1096370449163673,0.9712287313712293,0.7471097414803879,0.7947225199239648,0.7947225199239648,0.9189986636499556,0.9189986636499556,7.433951377868652,7.433951377868652,0.9102263856362217,10.59996839959479,tp_mm
ALL,906948,1.986631226729623,2.245786692618835,11.539629597992153,2.942992333096257,32.4962146727874,0.18373496293228575,0.36065062664011377,0.8558953761846353,1.498163980994114,1.7195224117178463,1.3489370961627822,0.986304838921903,0.8086483458809105,0.8191296524166766,0.9168574163017064,0.9202942175295606,9.006881713867188,9.023114204406738,0.8293540533746147,9.351096699124547,tp_mm
winter,151158,0.5651284382782306,0.8907983152536392,36.55932789709866,0.7514411183501243,24.794049130684346,0.16064427603584444,0.24609795768005763,0.39653881677829617,0.4754544191027638,0.3697662430343157,0.20590317184827078,0.12354464949425822,0.7946122600193175,0.8134865504968312,0.8856891464560261,0.9040209582026754,3.035066843032837,3.117044448852539,0.639939665780177,4.090199787174871,t2m_C_mean
pre_monsoon,226737,0.6523187475927547,1.2759689886886565,48.87659861834432,0.695080189668173,6.1520156538819455,0.19442067616901612,0.3065249490035311,0.4803159761419776,0.5518170903665808,0.4086615046699375,0.21726942934208,0.12410599088151816,0.7257351027842831,0.7808474135231568,0.8472591592902791,0.8897577369375091,2.8425698280334473,3.1073148250579834,0.768560049749269,6.930804969085924,t2m_C_mean
monsoon,302316,0.48015597329679277,0.6804958832289432,29.44028242779962,0.5809245942764958,17.34624802814621,0.13047390064638947,0.20904679248872576,0.35341998689185067,0.4138859113059889,0.30918014718791986,0.16699581631095145,0.09754335170694829,0.7367555802537742,0.8319175961576628,0.849257068762487,0.9234311118167745,2.3060593605041504,2.676172971725464,0.770273488667487,3.5655749119331714,t2m_C_mean
post_monsoon,226737,0.5219700868178184,1.2297114391165282,57.553449515536606,0.6367855031696459,18.030469566333625,0.13536066650766201,0.22519352179156443,0.3785083542864019,0.4466152360509787,0.3455539600057673,0.18609986018766353,0.1095637050323264,0.7560962701279456,0.748029655503954,0.8665546426035451,0.8681071020609782,2.5183749198913574,2.484121084213257,0.8223977559904206,7.16061832060182,t2m_C_mean
ALL,906948,0.5478122727479459,1.0017184539032171,45.312750243006526,0.6518481410266409,15.960138831544679,0.15271068189060677,0.24362820814169206,0.3986025477007611,0.4668124552235135,0.3532416224039521,0.19082478979413148,0.11152264946315361,0.7484784133158682,0.7951062243921372,0.8591539978036227,0.8979467400556592,2.614767074584961,2.80942440032959,0.7611538919541142,5.393080757595472,t2m_C_mean
winter,151158,0.36302363355891654,0.39918767848138065,9.059409113037269,0.4781726805605953,24.081059350082796,0.0717179835306698,0.12487450520853503,0.23109795626805776,0.30709376173026215,0.26691189393374826,0.16534168562851487,0.10354493115641994,0.8001032032707498,0.847497320684317,0.8913851731301022,0.9252967094034057,2.0133910179138184,2.19433856010437,0.7512999642757909,2.2079762213940293,wind_speed_mean
pre_monsoon,226737,0.37713277144378893,0.44831880397557733,15.878440052152339,0.47991110147372396,21.416118467424607,0.07945472031599651,0.1377554083176101,0.24986261945990831,0.3238666126944791,0.27085644287576255,0.15998652975823582,0.09818236663126886,0.807314201034679,0.9251952702911302,0.9005499764043804,0.9852163519848988,2.2057509422302246,2.9370977878570557,0.7706505775413806,2.540063072033444,wind_speed_mean
monsoon,302316,0.5309301092310381,0.6498444958588457,18.29889879588013,0.61941123213171,14.284713984950386,0.10006712166958877,0.17518582908885763,0.32890824164596005,0.4456290725308222,0.38884063952191034,0.2522009380268623,0.16742353982463196,0.7248111247833393,0.7726418714193096,0.8291125841834373,0.8725241138411464,2.2537331581115723,2.459064245223999,0.7429047751359504,3.117261789547019,wind_speed_mean
post_monsoon,226737,0.4882834213907604,0.5863891111382066,16.730476041244827,0.5382973798463243,9.291139122735858,0.12686651942181543,0.20426102706321836,0.3272878479501789,0.39733750652423677,0.3260214807113914,0.19852510255389544,0.12869249064292493,0.7407877849667236,0.7041109302848675,0.8388220713866726,0.8158703696353043,2.126652717590332,2.0144639015197754,0.722912449225314,2.922410886859557,wind_speed_mean
ALL,906948,0.45383469021213607,0.5418230904782912,16.239322725888982,0.5407179778006813,16.06813369548664,0.09688901441276088,0.16471180274291553,0.29244002344585146,0.38002634760333004,0.3233183430597167,0.20125183502507274,0.12978404945282906,0.7619797386399221,0.8061233940644889,0.859778068863926,0.8953291699193339,2.1699109077453613,2.4233014583587646,0.7462423424496223,2.772701789804595,wind_speed_mean
