flag,model,bin,mean_pred,obs_freq,n,bin_range
heavy_rain_day_flag,calibrated,0,0.0051048514,0.003656498695683346,906605,0.0-0.1
heavy_rain_day_flag,calibrated,1,0.11242418,0.09620991253644315,343,0.1-0.2
heavy_rain_day_flag,uncalibrated,0,0.0033085127,0.0035445525968540717,905615,0.0-0.1
heavy_rain_day_flag,uncalibrated,1,0.12833303,0.10744500846023688,1182,0.1-0.2
heavy_rain_day_flag,uncalibrated,2,0.23646608,0.09482758620689655,116,0.2-0.3
heavy_rain_day_flag,uncalibrated,3,0.32985964,0.0,31,0.3-0.4
heavy_rain_day_flag,uncalibrated,4,0.43492392,0.0,3,0.4-0.5
heavy_rain_day_flag,uncalibrated,5,0.530243,0.0,1,0.5-0.6
heatwave_day_flag,calibrated,0,0.0017118126,0.0003380282955512781,890458,0.0-0.1
heatwave_day_flag,calibrated,1,0.14690456,0.06676427525622254,3415,0.1-0.2
heatwave_day_flag,calibrated,2,0.2423084,0.13036184998801822,4173,0.2-0.3
heatwave_day_flag,calibrated,3,0.34331802,0.20785375761679079,1477,0.3-0.4
heatwave_day_flag,calibrated,4,0.42380264,0.32127955493741306,2876,0.4-0.5
heatwave_day_flag,calibrated,5,0.54617095,0.4770797962648557,1767,0.5-0.6
heatwave_day_flag,calibrated,6,0.6454769,0.6459709379128138,757,0.6-0.7
heatwave_day_flag,calibrated,7,0.75437385,0.6984667802385008,587,0.7-0.8
heatwave_day_flag,calibrated,8,0.8504205,0.7593360995850622,482,0.8-0.9
heatwave_day_flag,calibrated,9,0.9354772,0.8608786610878661,956,0.9-1.0
heatwave_day_flag,uncalibrated,0,0.0009656632,0.0008016425857551015,895661,0.0-0.1
heatwave_day_flag,uncalibrated,1,0.14362292,0.16476106713573732,3411,0.1-0.2
heatwave_day_flag,uncalibrated,2,0.24650419,0.27361036157582297,1853,0.2-0.3
heatwave_day_flag,uncalibrated,3,0.3486024,0.3467680608365019,1315,0.3-0.4
heatwave_day_flag,uncalibrated,4,0.44882503,0.44473455178416016,1149,0.4-0.5
heatwave_day_flag,uncalibrated,5,0.54920655,0.5175257731958763,970,0.5-0.6
heatwave_day_flag,uncalibrated,6,0.64955926,0.6734207389749702,839,0.6-0.7
heatwave_day_flag,uncalibrated,7,0.75006735,0.7459526774595268,803,0.7-0.8
heatwave_day_flag,uncalibrated,8,0.84972215,0.8437047756874095,691,0.8-0.9
heatwave_day_flag,uncalibrated,9,0.9166164,0.90625,256,0.9-1.0
high_wind_day_flag,calibrated,0,0.0029634612,0.003173563488361579,906867,0.0-0.1
high_wind_day_flag,calibrated,1,0.13161728,0.3950617283950617,81,0.1-0.2
high_wind_day_flag,uncalibrated,0,0.0010524252,0.0031735529899544587,906870,0.0-0.1
high_wind_day_flag,uncalibrated,1,0.12428826,0.4383561643835616,73,0.1-0.2
high_wind_day_flag,uncalibrated,2,0.22070932,0.0,4,0.2-0.3
high_wind_day_flag,uncalibrated,3,0.32584807,0.0,1,0.3-0.4
