target,regime,w_climatology,w_persistence,w_recent3,w_anom_persistence,n
tp_mm,cyclonic,0.5846483,0.20340626,0.11512479,0.096820645,19846
tp_mm,heatwave,0.21313022,0.3811006,0.27280208,0.13296711,3342
tp_mm,monsoon,0.5026872,0.19280684,0.18974476,0.114761166,133493
tp_mm,wet_spell,0.43842733,0.2540038,0.20095146,0.106617406,56349
tp_mm,dry_spell,0.326452,0.2692696,0.24978006,0.15449838,183834
tp_mm,normal,0.39722106,0.25426477,0.21866277,0.1298514,510084
t2m_C_mean,cyclonic,0.5272544,0.27481806,0.1427807,0.055146806,19846
t2m_C_mean,heatwave,0.1260309,0.7292189,0.05843795,0.086312264,3342
t2m_C_mean,monsoon,0.3805533,0.4037234,0.18899055,0.026732752,133493
t2m_C_mean,wet_spell,0.45413533,0.28466251,0.15046747,0.11073467,56349
t2m_C_mean,dry_spell,0.2738038,0.4071221,0.12447756,0.19459656,183834
t2m_C_mean,normal,0.30807367,0.39935228,0.1814072,0.11116687,510084
wind_speed_mean,cyclonic,0.5399535,0.3214399,0.051442903,0.08716369,19846
wind_speed_mean,heatwave,0.5364583,0.37346184,0.041199688,0.048880167,3342
wind_speed_mean,monsoon,0.5299418,0.3187122,0.09722678,0.054119203,133493
wind_speed_mean,wet_spell,0.5471298,0.3020825,0.1071622,0.043625463,56349
wind_speed_mean,dry_spell,0.5648751,0.26082054,0.08493656,0.08936781,183834
wind_speed_mean,normal,0.506559,0.34738734,0.08514993,0.060903735,510084
