target,season,zone,w_climatology,w_persistence,w_recent3,w_anom_persistence
tp_mm,winter,coastal_land,0.26391748,0.21183829,0.3107122,0.21353203
tp_mm,winter,inland,0.372039,0.1810101,0.24156864,0.20538226
tp_mm,winter,ocean,0.18285713,0.29118627,0.32688388,0.19907269
tp_mm,pre_monsoon,coastal_land,0.41083953,0.27060777,0.19700843,0.12154426
tp_mm,pre_monsoon,inland,0.44462729,0.26012662,0.17545415,0.11979195
tp_mm,pre_monsoon,ocean,0.32661092,0.3391001,0.21753049,0.116758525
tp_mm,monsoon,coastal_land,0.5251243,0.1790164,0.18460448,0.1112548
tp_mm,monsoon,inland,0.56626743,0.15062925,0.16642252,0.11668084
tp_mm,monsoon,ocean,0.4227536,0.24842952,0.2024424,0.12637447
tp_mm,post_monsoon,coastal_land,0.33774266,0.29013744,0.27427614,0.097843766
tp_mm,post_monsoon,inland,0.36791155,0.27881545,0.23675829,0.11651472
tp_mm,post_monsoon,ocean,0.26009583,0.35564202,0.2915517,0.0927104
t2m_C_mean,winter,coastal_land,0.24358043,0.4860914,0.23559779,0.034730356
t2m_C_mean,winter,inland,0.3173727,0.42469013,0.20109732,0.05683981
t2m_C_mean,winter,ocean,0.33310282,0.37257126,0.25925094,0.035074964
t2m_C_mean,pre_monsoon,coastal_land,0.36506915,0.3647863,0.04615288,0.22399168
t2m_C_mean,pre_monsoon,inland,0.4996032,0.23304962,0.015572352,0.25177485
t2m_C_mean,pre_monsoon,ocean,0.3765752,0.26541495,0.038483005,0.31952682
t2m_C_mean,monsoon,coastal_land,0.38906962,0.37637615,0.21213792,0.022416323
t2m_C_mean,monsoon,inland,0.29466215,0.49134165,0.18578571,0.028210485
t2m_C_mean,monsoon,ocean,0.39267227,0.34503636,0.23570237,0.02658901
t2m_C_mean,post_monsoon,coastal_land,0.14490221,0.5533368,0.2658056,0.035955373
t2m_C_mean,post_monsoon,inland,0.14158106,0.5122916,0.18634051,0.15978684
t2m_C_mean,post_monsoon,ocean,0.28009132,0.3909617,0.2917842,0.03716279
wind_speed_mean,winter,coastal_land,0.6563337,0.16976503,0.025215764,0.14868553
wind_speed_mean,winter,inland,0.6414966,0.15679044,0.073420875,0.1282921
wind_speed_mean,winter,ocean,0.6672669,0.17820053,0.0071172095,0.14741537
wind_speed_mean,pre_monsoon,coastal_land,0.5855657,0.3182959,0.04464589,0.051492516
wind_speed_mean,pre_monsoon,inland,0.59974104,0.24382384,0.109371744,0.047063354
wind_speed_mean,pre_monsoon,ocean,0.50273466,0.45579204,0.018494241,0.022979047
wind_speed_mean,monsoon,coastal_land,0.42404327,0.42340147,0.084737964,0.06781727
wind_speed_mean,monsoon,inland,0.5314768,0.27172157,0.13995706,0.056844596
wind_speed_mean,monsoon,ocean,0.42153153,0.49486706,0.0342034,0.049398
wind_speed_mean,post_monsoon,coastal_land,0.47299808,0.36991435,0.093181886,0.0639057
wind_speed_mean,post_monsoon,inland,0.46141827,0.3467385,0.11509647,0.07674678
wind_speed_mean,post_monsoon,ocean,0.42552945,0.45321035,0.093840465,0.02741972
