target,season,lead_days,w_climatology,w_persistence,w_recent3,w_anom_persistence
tp_mm,winter,1,0.2150368,0.3233761,0.22949839,0.23208874
tp_mm,winter,2,0.31124777,0.17829525,0.34982562,0.16063134
tp_mm,winter,3,0.37978092,0.16125137,0.24165498,0.21731275
tp_mm,pre_monsoon,1,0.26910365,0.4245383,0.16979648,0.13656156
tp_mm,pre_monsoon,2,0.42590955,0.23580462,0.24231483,0.09597102
tp_mm,pre_monsoon,3,0.5103866,0.20509374,0.16078004,0.12373962
tp_mm,monsoon,1,0.369501,0.30007166,0.17858139,0.15184593
tp_mm,monsoon,2,0.54051393,0.14449,0.21959306,0.095403
tp_mm,monsoon,3,0.63254243,0.11382865,0.14090416,0.11272474
tp_mm,post_monsoon,1,0.19685961,0.46601358,0.21279058,0.12433622
tp_mm,post_monsoon,2,0.3481055,0.24372609,0.3214583,0.0867101
tp_mm,post_monsoon,3,0.44144574,0.20953663,0.23733442,0.111683235
t2m_C_mean,winter,1,0.169518,0.67693245,0.047733806,0.10581574
t2m_C_mean,winter,2,0.36524892,0.3836837,0.22282857,0.02823882
t2m_C_mean,winter,3,0.4285372,0.16250297,0.39739433,0.011565478
t2m_C_mean,pre_monsoon,1,0.28893492,0.3247301,0.010637436,0.37569755
t2m_C_mean,pre_monsoon,2,0.48059583,0.2456986,0.028770657,0.24493489
t2m_C_mean,pre_monsoon,3,0.5878075,0.17324562,0.03407345,0.20487343
t2m_C_mean,monsoon,1,0.22292975,0.6436031,0.081500754,0.0519664
t2m_C_mean,monsoon,2,0.3503741,0.39527792,0.23758185,0.01676615
t2m_C_mean,monsoon,3,0.42241699,0.27032095,0.29353273,0.013729341
t2m_C_mean,post_monsoon,1,0.108777724,0.6723144,0.06736661,0.15154123
t2m_C_mean,post_monsoon,2,0.20250943,0.4515001,0.24322876,0.10276169
t2m_C_mean,post_monsoon,3,0.2614932,0.28671923,0.3669585,0.08482908
wind_speed_mean,winter,1,0.3944173,0.3058528,0.045623127,0.25410676
wind_speed_mean,winter,2,0.7220211,0.12619874,0.059771217,0.09200897
wind_speed_mean,winter,3,0.83667284,0.06214771,0.040468145,0.060711317
wind_speed_mean,pre_monsoon,1,0.38992578,0.45692924,0.074958935,0.07818607
wind_speed_mean,pre_monsoon,2,0.6111574,0.2817523,0.086666726,0.020423552
wind_speed_mean,pre_monsoon,3,0.6935624,0.22460134,0.064616896,0.01721934
wind_speed_mean,monsoon,1,0.30408096,0.52208805,0.07342823,0.10040279
wind_speed_mean,monsoon,2,0.51271236,0.33540016,0.11195854,0.03992893
wind_speed_mean,monsoon,3,0.65218025,0.20727009,0.11746053,0.02308916
wind_speed_mean,post_monsoon,1,0.25066295,0.590778,0.054087773,0.10447127
wind_speed_mean,post_monsoon,2,0.4734374,0.38536125,0.096902,0.04429936
wind_speed_mean,post_monsoon,3,0.62274075,0.17943576,0.16995795,0.0278655
