season,blend,rmse,mae,best_expert,n,rmse_gain_vs_climatology_%,mae_gain_vs_climatology_%,rmse_gain_vs_persistence_%,mae_gain_vs_persistence_%,rmse_gain_vs_recent3_%,mae_gain_vs_recent3_%,rmse_gain_vs_anom_persistence_%,mae_gain_vs_anom_persistence_%,rmse_gain_vs_best_%,beats_every_expert_rmse,beats_every_expert_mae,gain_vs_best_ci95_lo,gain_vs_best_ci95_hi,target
post_monsoon,gating_adaptive,8.288378454131877,3.3045683236735925,recent3,993324,27.473798729833092,58.48221447003521,15.547781847355063,-9.792588008697818,7.1974621083463415,-7.820436369812045,15.715579022991223,-5.263515190285188,7.1974621083463415,True,False,5.003807600071522,9.495215693444113,tp_mm
post_monsoon,lgbm_season,7.820860677508153,3.7926538028939305,recent3,993324,31.564742278373622,52.35002827754852,20.311429342479208,-26.008977771065933,12.432121266376921,-23.745538894792773,20.4697616797382,-20.810959886163857,12.432121266376921,True,False,7.984815784578866,17.12457688952856,tp_mm
post_monsoon,static_blend,8.527226423194545,3.708945540609438,recent3,993324,25.383795724652508,53.40171834421057,13.114104270947948,-23.22781368131625,4.523151587663872,-21.01433152267849,13.28673689357014,-18.144522071756487,4.523151587663872,True,False,3.0334913809165522,5.969745625430955,tp_mm
post_monsoon,gating_adaptive,5.639983075402316,3.6789498650319286,persistence,993324,41.32401177675877,44.12886776434655,-285.5283969297484,-288.71869752704424,-261.79773060997235,-258.2509040567119,-277.8162627931872,-282.20822008834733,-285.5283969297484,False,False,-318.36394526319816,-257.03459269615445,t2m_C_mean
post_monsoon,lgbm_season,4.307740458801061,3.00360996464753,persistence,993324,55.18409806374097,54.385056693972615,-194.46121579939762,-217.3621267401822,-176.33606363966092,-192.4872653189546,-188.57079524323393,-212.04676892697827,-194.46121579939762,False,False,-216.42763636647845,-175.6021529825372,t2m_C_mean
post_monsoon,static_blend,3.895650837600511,2.6376873838802197,persistence,993324,59.471303439576,59.942215570309884,-166.29229243050924,-178.69866183581095,-149.9010393204351,-156.8542449778317,-160.96536477716006,-174.0308612859008,-166.29229243050924,False,False,-183.54498979729107,-150.668208112488,t2m_C_mean
post_monsoon,gating_adaptive,1.4541856833731812,0.9871995052703951,persistence,993324,36.113308799535254,40.50430129081788,-8.803074623988271,-19.4675181192798,-4.104859144764591,-14.522737924481156,-7.6793197423275235,-18.000084862431997,-8.803074623988271,False,False,-14.5274223889449,-4.3883830545833025,wind_speed_mean
post_monsoon,lgbm_season,1.2685253792277407,0.8869091824149666,persistence,993324,44.26991675871308,46.548513023297275,5.088144466954179,-7.330725202596159,9.186524502336786,-2.8882888598131773,6.068426148803126,-6.012369568166483,5.088144466954179,True,False,1.0364479556499753,8.578860766537725,wind_speed_mean
post_monsoon,static_blend,1.2876061669656496,0.8333380034925844,persistence,993324,43.43164114645031,49.777095193006474,3.6605080957058354,-0.8477237885831794,7.820534764892511,3.3263800609872423,4.655534887901812,0.3910003943115649,3.6605080957058354,True,False,0.8549726171897031,6.113691687260306,wind_speed_mean
