season,lead_days,blend,rmse,mae,best_expert,n,rmse_gain_vs_climatology_%,mae_gain_vs_climatology_%,rmse_gain_vs_persistence_%,mae_gain_vs_persistence_%,rmse_gain_vs_recent3_%,mae_gain_vs_recent3_%,rmse_gain_vs_anom_persistence_%,mae_gain_vs_anom_persistence_%,rmse_gain_vs_best_%,beats_every_expert_rmse,beats_every_expert_mae,target
post_monsoon,1,gating_adaptive,7.644437276276552,2.5700842797324754,recent3,331108,33.10850855030488,67.71009176737282,9.517726731765784,-4.4277246065773745,7.072854633844519,5.544910147663138,9.665807434360618,-1.1557917712100083,7.072854633844519,True,False,tp_mm
post_monsoon,1,lgbm_season,7.283561854259885,3.2955614944731697,recent3,331108,36.26629431449011,58.595374061976244,13.78917633238386,-33.90533177562087,11.459720741685722,-21.117645646533717,13.930266502633394,-29.70980560172376,11.459720741685722,True,False,tp_mm
post_monsoon,1,static_blend,7.687959567393106,2.8988776658804265,recent3,331108,32.727673328708015,63.57921234449366,9.00258144431752,-17.78726516790725,6.54378988688042,-6.5388215324090435,9.151505218967781,-14.096750776801532,6.54378988688042,True,False,tp_mm
post_monsoon,2,gating_adaptive,8.374242280384912,3.4640379528374856,recent3,331108,26.722460313143173,56.47867718053855,17.29493540356634,-10.572602881999556,7.983053852455807,-10.43179862131918,17.445743809114674,-6.13593518502626,7.983053852455807,True,False,tp_mm
post_monsoon,2,lgbm_season,7.972455308570367,3.9571104812666675,recent3,331108,30.23823640213509,50.28383492553475,21.26303381119924,-26.311550786240716,12.397926137061427,-26.150704391561657,21.40660659463865,-21.243366059451162,12.397926137061427,True,False,tp_mm
post_monsoon,2,static_blend,8.744919553451535,4.06951892572348,recent3,331108,23.478904934792357,48.87156281262931,13.634080273399773,-29.899644929183122,3.910017805507072,-29.734229419462178,13.791564058839509,-24.687489806809413,3.910017805507072,True,False,tp_mm
post_monsoon,3,gating_adaptive,8.804901882204016,3.8795827384508175,recent3,331108,22.954038644983033,51.257874462194266,17.914605575568714,-12.924510862871708,6.565044299089809,-16.264033228264182,18.107465358389188,-7.363750537144427,6.565044299089809,True,False,tp_mm
post_monsoon,3,lgbm_season,8.178463686964585,4.125289432941954,recent3,331108,28.435591265038155,48.17087584513459,23.75469635984965,-20.07639037201299,13.212616958571045,-23.627415637819816,23.93383483879864,-14.163448863255315,13.212616958571045,True,False,tp_mm
post_monsoon,3,static_blend,9.086387131917256,4.158440030224408,recent3,331108,20.490944568347516,47.75437987550879,15.290405095371304,-21.041317591074694,3.5780079653206047,-24.620878699139414,15.489430441971265,-15.080860012015076,3.5780079653206047,True,False,tp_mm
post_monsoon,1,gating_adaptive,3.7944656553613556,2.4924907553818207,persistence,331108,60.523991095204764,62.14727416817545,-256.3040860683931,-258.0183396510527,-196.44195925789256,-194.4920308354995,-251.1080968094678,-253.0737022700184,-256.3040860683931,False,False,t2m_C_mean
post_monsoon,1,lgbm_season,3.9386674785921416,2.7416073552935725,persistence,331108,59.02377657885962,58.36401345346467,-269.8447802009238,-293.8011449783521,-207.70770123310183,-223.92558169800128,-264.45132674211425,-288.3623066661808,-269.8447802009238,False,False,t2m_C_mean
post_monsoon,1,static_blend,2.7865737919821196,1.9254838406725694,persistence,331108,71.00966991999843,70.75824182809369,-161.6620410864603,-176.5741562627877,-117.70058541568413,-127.49919748197355,-157.84621856823992,-172.75435498384226,-161.6620410864603,False,False,t2m_C_mean
post_monsoon,2,gating_adaptive,6.035044219566752,4.076051223226084,persistence,331108,37.21396344282841,38.09820594274797,-301.79352879388114,-313.49813542995935,-281.96693536745727,-288.49983214345065,-294.7635475861407,-307.17435806794043,-301.79352879388114,False,False,t2m_C_mean
post_monsoon,2,lgbm_season,4.361125630749911,3.05019685109865,persistence,331108,54.62870141118221,53.67755531753422,-190.3494975250141,-209.42955364171777,-176.02213526939136,-190.7227853035691,-185.26939701317926,-204.697334947613,-190.3494975250141,False,False,t2m_C_mean
post_monsoon,2,static_blend,4.7532389173367795,3.288303324917596,persistence,331108,50.54932133532865,50.061502157541504,-216.45511918622776,-233.584447082927,-200.8395690686088,-213.417378684492,-210.91826161748952,-228.48281881901448,-216.45511918622776,False,False,t2m_C_mean
post_monsoon,3,gating_adaptive,6.678959419747267,4.4683076164878806,persistence,331108,30.514943215739734,32.141123182116196,-283.6819188850935,-286.0807892280678,-275.9876483498508,-277.0045638581468,-274.5298431342559,-278.4600378324919,-283.6819188850935,False,False,t2m_C_mean
post_monsoon,3,lgbm_season,4.597539048999099,3.2190256875503676,persistence,331108,52.16915662894613,51.113601310918924,-164.11189133050198,-178.1375152885561,-158.81545111935898,-171.5988869935918,-157.81195401998804,-172.64742897259288,-164.11189133050198,False,False,t2m_C_mean
post_monsoon,3,static_blend,3.8948700417403095,2.699274986050494,persistence,331108,59.4794265080472,59.006902725294424,-123.74611335481572,-133.2288433125121,-119.25915933737448,-127.74595578292858,-118.40903261791487,-128.62519795446133,-123.74611335481572,False,False,t2m_C_mean
post_monsoon,1,gating_adaptive,1.1000995436761034,0.7626668256973856,persistence,331108,51.669363383100155,54.03624552592174,-15.530218248763406,-22.742945301351035,6.073642433690845,-3.952621966586291,-14.813589983163832,-21.829600414871585,-15.530218248763406,False,False,wind_speed_mean
post_monsoon,1,lgbm_season,1.011112951298142,0.7435749738795251,persistence,331108,55.57880838261712,55.1868569854004,-6.185027172430684,-19.67031903202517,13.671306247249028,-1.3503741857819134,-5.526366667770578,-18.779837923861134,-6.185027172430684,False,False,wind_speed_mean
post_monsoon,1,static_blend,0.9586294675915861,0.6313134162972012,persistence,331108,57.884563524496684,61.9525408931451,-0.673318380322454,-1.603040165959647,18.152339336740905,13.951042977688504,-0.04884673440468617,-0.8469998333889072,-0.673318380322454,False,False,wind_speed_mean
post_monsoon,2,gating_adaptive,1.5342929994395917,1.0695464787199749,persistence,331108,32.59395675051674,35.54148405295136,-11.773685160062202,-24.154603249624394,-7.320271730681152,-20.775829183295563,-10.792671540492195,-22.741376357861242,-11.773685160062202,False,False,wind_speed_mean
post_monsoon,2,lgbm_season,1.3047842764093076,0.9177621310221766,persistence,331108,42.67695583632604,44.689093802739954,4.9460911530962335,-6.535242293496141,8.73333636709959,-3.635965872084743,5.780358888284923,-5.322573045728017,4.9460911530962335,True,False,wind_speed_mean
post_monsoon,2,static_blend,1.3544019473999962,0.9018381713687393,persistence,331108,40.49710434905562,45.648785436234625,1.3314295873363267,-4.686764520653926,5.262694230748051,-1.8377930303332193,2.197422430461367,-3.4951361238009695,1.3314295873363267,True,False,wind_speed_mean
post_monsoon,3,gating_adaptive,1.667241431543995,1.129385211393825,recent3,331108,26.75313771031149,31.935174293580534,-4.040712577224553,-13.371298303563613,-6.780553790937092,-16.816319312587336,-2.6984199721805857,-11.5514718103669,-6.780553790937092,False,False,wind_speed_mean
post_monsoon,3,lgbm_season,1.4500546558619265,0.999390442343198,recent3,331108,36.294797093616076,39.76958828175148,9.512373662592754,-0.32200777694774957,7.129443732290443,-3.370499146726502,10.679809646756441,1.28835260822072,7.129443732290443,True,False,wind_speed_mean
post_monsoon,3,static_blend,1.4901053091537144,0.9668624228118124,recent3,331108,34.53525307631144,41.729959249639705,7.013096456050384,2.9432588197041047,4.564349764930575,-0.006010681807699735,8.212777137786732,4.501205421588323,4.564349764930575,True,False,wind_speed_mean
