all,model,rmse,mae,n,target
ALL,climatology,11.42811605871496,7.959404099933446,993324,tp_mm
ALL,persistence,9.81428153746166,3.0098282439719912,993324,tp_mm
ALL,recent3,8.931198049571126,3.06488123674374,993324,tp_mm
ALL,anom_persistence,9.833820245846848,3.139329251640432,993324,tp_mm
ALL,static_blend,8.527226423194545,3.708945540609438,993324,tp_mm
ALL,gating_adaptive,8.288378454131877,3.3045683236735925,993324,tp_mm
ALL,lgbm_season,7.820860677508153,3.7926538028939305,993324,tp_mm
ALL,climatology,9.612080249836083,6.584706122501404,993324,t2m_C_mean
ALL,persistence,1.4629228664652798,0.9464298703501325,993324,t2m_C_mean
ALL,recent3,1.5588774053097556,1.0269199109821487,993324,t2m_C_mean
ALL,anom_persistence,1.4927846233261763,0.9625512146707731,993324,t2m_C_mean
ALL,static_blend,3.895650837600511,2.6376873838802197,993324,t2m_C_mean
ALL,gating_adaptive,5.639983075402316,3.6789498650319286,993324,t2m_C_mean
ALL,lgbm_season,4.307740458801061,3.00360996464753,993324,t2m_C_mean
ALL,climatology,2.276195019726742,1.659278782649271,993324,wind_speed_mean
ALL,persistence,1.33652995413842,0.8263329822293176,993324,wind_speed_mean
ALL,recent3,1.3968470783395819,0.8620117918603871,993324,wind_speed_mean
ALL,anom_persistence,1.3504781483138932,0.8366091485623096,993324,wind_speed_mean
ALL,static_blend,1.2876061669656496,0.8333380034925844,993324,wind_speed_mean
ALL,gating_adaptive,1.4541856833731812,0.9871995052703951,993324,wind_speed_mean
ALL,lgbm_season,1.2685253792277407,0.8869091824149666,993324,wind_speed_mean
