season,lead_days,model,rmse,mae,n,target
post_monsoon,1,climatology,11.42811605871496,7.9594040999334466,331108,tp_mm
post_monsoon,1,persistence,8.448546881237895,2.46111297494516,331108,tp_mm
post_monsoon,1,recent3,8.22626934912895,2.720959012108642,331108,tp_mm
post_monsoon,1,anom_persistence,8.46239619701243,2.5407188602165123,331108,tp_mm
post_monsoon,1,static_blend,7.687959567393106,2.8988776658804265,331108,tp_mm
post_monsoon,1,gating_adaptive,7.644437276276552,2.5700842797324754,331108,tp_mm
post_monsoon,1,lgbm_season,7.283561854259885,3.2955614944731697,331108,tp_mm
post_monsoon,2,climatology,11.42811605871496,7.9594040999334466,331108,tp_mm
post_monsoon,2,persistence,10.125428619453638,3.1328175900265496,331108,tp_mm
post_monsoon,2,recent3,9.100760926098621,3.1368120379130935,331108,tp_mm
post_monsoon,2,anom_persistence,10.143925542762625,3.2637748438346024,331108,tp_mm
post_monsoon,2,static_blend,8.744919553451535,4.06951892572348,331108,tp_mm
post_monsoon,2,gating_adaptive,8.374242280384912,3.4640379528374856,331108,tp_mm
post_monsoon,2,lgbm_season,7.972455308570367,3.9571104812666675,331108,tp_mm
post_monsoon,3,climatology,11.42811605871496,7.9594040999334466,331108,tp_mm
post_monsoon,3,persistence,10.726514678941946,3.4355541669442644,331108,tp_mm
post_monsoon,3,recent3,9.423562965437617,3.336872660209484,331108,tp_mm
post_monsoon,3,anom_persistence,10.751775996111512,3.6134940508701825,331108,tp_mm
post_monsoon,3,static_blend,9.086387131917256,4.158440030224408,331108,tp_mm
post_monsoon,3,gating_adaptive,8.804901882204016,3.8795827384508175,331108,tp_mm
post_monsoon,3,lgbm_season,8.178463686964585,4.125289432941954,331108,tp_mm
post_monsoon,1,climatology,9.612080249836081,6.584706122501403,331108,t2m_C_mean
post_monsoon,1,persistence,1.0649514849046673,0.6961908034686601,331108,t2m_C_mean
post_monsoon,1,recent3,1.280002893267995,0.8463695089848129,331108,t2m_C_mean
post_monsoon,1,anom_persistence,1.0807115215632463,0.7059406405395923,331108,t2m_C_mean
post_monsoon,1,static_blend,2.7865737919821196,1.9254838406725694,331108,t2m_C_mean
post_monsoon,1,gating_adaptive,3.7944656553613556,2.4924907553818207,331108,t2m_C_mean
post_monsoon,1,lgbm_season,3.9386674785921416,2.7416073552935725,331108,t2m_C_mean
post_monsoon,2,climatology,9.612080249836081,6.584706122501403,331108,t2m_C_mean
post_monsoon,2,persistence,1.5020262366302848,0.9857483925502512,331108,t2m_C_mean
post_monsoon,2,recent3,1.5799912664589566,1.0491770873458275,331108,t2m_C_mean
post_monsoon,2,anom_persistence,1.528774441426828,1.0010579356143938,331108,t2m_C_mean
post_monsoon,2,static_blend,4.7532389173367795,3.288303324917596,331108,t2m_C_mean
post_monsoon,2,gating_adaptive,6.035044219566752,4.076051223226084,331108,t2m_C_mean
post_monsoon,2,lgbm_season,4.361125630749911,3.05019685109865,331108,t2m_C_mean
post_monsoon,3,climatology,9.612080249836081,6.584706122501403,331108,t2m_C_mean
post_monsoon,3,persistence,1.740754278740851,1.1573504150314864,331108,t2m_C_mean
post_monsoon,3,recent3,1.7763773488464696,1.1852131366158059,331108,t2m_C_mean
post_monsoon,3,anom_persistence,1.7832916501003884,1.1806550678583332,331108,t2m_C_mean
post_monsoon,3,static_blend,3.8948700417403095,2.699274986050494,331108,t2m_C_mean
post_monsoon,3,gating_adaptive,6.678959419747267,4.4683076164878806,331108,t2m_C_mean
post_monsoon,3,lgbm_season,4.597539048999099,3.2190256875503676,331108,t2m_C_mean
post_monsoon,1,climatology,2.276195019726742,1.659278782649271,331108,wind_speed_mean
post_monsoon,1,persistence,0.9522180087181463,0.6213528800575319,331108,wind_speed_mean
post_monsoon,1,recent3,1.1712362452674336,0.7336677144541205,331108,wind_speed_mean
post_monsoon,1,anom_persistence,0.9581614370192771,0.626011103295294,331108,wind_speed_mean
post_monsoon,1,static_blend,0.9586294675915861,0.6313134162972012,331108,wind_speed_mean
post_monsoon,1,gating_adaptive,1.1000995436761034,0.7626668256973856,331108,wind_speed_mean
post_monsoon,1,lgbm_season,1.011112951298142,0.7435749738795251,331108,wind_speed_mean
post_monsoon,2,climatology,2.276195019726742,1.659278782649271,331108,wind_speed_mean
post_monsoon,2,persistence,1.3726781909735308,0.8614634099144532,331108,wind_speed_mean
post_monsoon,2,recent3,1.429639503047365,0.8855633498460826,331108,wind_speed_mean
post_monsoon,2,anom_persistence,1.3848325688931895,0.8713821780860888,331108,wind_speed_mean
post_monsoon,2,static_blend,1.3544019473999962,0.9018381713687393,331108,wind_speed_mean
post_monsoon,2,gating_adaptive,1.5342929994395917,1.0695464787199749,331108,wind_speed_mean
post_monsoon,2,lgbm_season,1.3047842764093076,0.9177621310221766,331108,wind_speed_mean
post_monsoon,3,climatology,2.276195019726742,1.659278782649271,331108,wind_speed_mean
post_monsoon,3,persistence,1.6024894392245532,0.9961826567159678,331108,wind_speed_mean
post_monsoon,3,recent3,1.5613717782436718,0.9668043112809582,331108,wind_speed_mean
post_monsoon,3,anom_persistence,1.6234343546820145,1.0124341643055461,331108,wind_speed_mean
post_monsoon,3,static_blend,1.4901053091537144,0.9668624228118124,331108,wind_speed_mean
post_monsoon,3,gating_adaptive,1.667241431543995,1.129385211393825,331108,wind_speed_mean
post_monsoon,3,lgbm_season,1.4500546558619265,0.999390442343198,331108,wind_speed_mean
